comdistnm,industry_sector,active_licenses,total_volume,vitality_index
ABBEYDALE,Food & Beverage,6,7,85.71
ABBEYDALE,Hospitality & Tourism,1,1,100.0
ACADIA,Automotive Services,2,2,100.0
ACADIA,Construction & Trades,3,4,75.0
ACADIA,Education & Instruction,3,3,100.0
ACADIA,Food & Beverage,56,68,82.35
ACADIA,Massage & Bodywork,3,6,50.0
ACADIA,Other/Diversified,40,52,76.92
ACADIA,Personal Services,6,8,75.0
ACADIA,Retail - General,41,54,75.93
ACADIA,Waste & Environment,1,1,100.0
ALBERT PARK/RADISSON HEIGHTS,Automotive Services,1,1,100.0
ALBERT PARK/RADISSON HEIGHTS,Construction & Trades,1,1,100.0
ALBERT PARK/RADISSON HEIGHTS,Education & Instruction,1,1,100.0
ALBERT PARK/RADISSON HEIGHTS,Food & Beverage,21,26,80.77
ALBERT PARK/RADISSON HEIGHTS,Massage & Bodywork,1,2,50.0
ALBERT PARK/RADISSON HEIGHTS,Other/Diversified,4,7,57.14
ALBERT PARK/RADISSON HEIGHTS,Personal Services,1,1,100.0
ALBERT PARK/RADISSON HEIGHTS,Retail - General,21,24,87.5
ALTADORE,Construction & Trades,2,3,66.67
ALTADORE,Education & Instruction,0,2,0.0
ALTADORE,Fitness & Recreation,1,1,100.0
ALTADORE,Food & Beverage,18,19,94.74
ALTADORE,Massage & Bodywork,3,4,75.0
ALTADORE,Other/Diversified,8,9,88.89
ALTADORE,Personal Services,1,1,100.0
ALTADORE,Retail - General,39,47,82.98
ALTADORE,Wholesale Trade,1,1,100.0
ALYTH/BONNYBROOK,Automotive Services,22,25,88.0
ALYTH/BONNYBROOK,Construction & Trades,47,50,94.0
ALYTH/BONNYBROOK,Education & Instruction,2,3,66.67
ALYTH/BONNYBROOK,Food & Beverage,18,23,78.26
ALYTH/BONNYBROOK,Massage & Bodywork,1,1,100.0
ALYTH/BONNYBROOK,Other/Diversified,26,27,96.3
ALYTH/BONNYBROOK,Retail - General,54,71,76.06
ALYTH/BONNYBROOK,Special Events,1,1,100.0
ALYTH/BONNYBROOK,Waste & Environment,0,1,0.0
ALYTH/BONNYBROOK,Wholesale Trade,20,21,95.24
APPLEWOOD PARK,Food & Beverage,5,5,100.0
APPLEWOOD PARK,Retail - General,5,5,100.0
ARBOUR LAKE,Automotive Services,6,8,75.0
ARBOUR LAKE,Cannabis & Liquor,1,1,100.0
ARBOUR LAKE,Construction & Trades,7,7,100.0
ARBOUR LAKE,Education & Instruction,1,2,50.0
ARBOUR LAKE,Fitness & Recreation,1,1,100.0
ARBOUR LAKE,Food & Beverage,72,86,83.72
ARBOUR LAKE,Massage & Bodywork,3,6,50.0
ARBOUR LAKE,Other/Diversified,14,16,87.5
ARBOUR LAKE,Personal Services,2,2,100.0
ARBOUR LAKE,Retail - General,64,72,88.89
ARBOUR LAKE,Waste & Environment,3,3,100.0
ASPEN WOODS,Construction & Trades,1,1,100.0
ASPEN WOODS,Food & Beverage,20,24,83.33
ASPEN WOODS,Massage & Bodywork,1,1,100.0
ASPEN WOODS,Other/Diversified,3,3,100.0
ASPEN WOODS,Personal Services,0,1,0.0
ASPEN WOODS,Retail - General,14,19,73.68
AUBURN BAY,Construction & Trades,1,1,100.0
AUBURN BAY,Food & Beverage,10,11,90.91
AUBURN BAY,Other/Diversified,1,2,50.0
AUBURN BAY,Personal Services,1,1,100.0
AUBURN BAY,Retail - General,8,8,100.0
AURORA BUSINESS PARK,Automotive Services,2,2,100.0
AURORA BUSINESS PARK,Construction & Trades,2,2,100.0
AURORA BUSINESS PARK,Education & Instruction,1,1,100.0
AURORA BUSINESS PARK,Food & Beverage,16,19,84.21
AURORA BUSINESS PARK,Massage & Bodywork,0,1,0.0
AURORA BUSINESS PARK,Other/Diversified,2,2,100.0
AURORA BUSINESS PARK,Personal Services,1,1,100.0
AURORA BUSINESS PARK,Retail - General,7,7,100.0
AURORA BUSINESS PARK,Wholesale Trade,1,1,100.0
BANFF TRAIL,Construction & Trades,1,3,33.33
BANFF TRAIL,Education & Instruction,2,2,100.0
BANFF TRAIL,Food & Beverage,22,27,81.48
BANFF TRAIL,Hospitality & Tourism,4,4,100.0
BANFF TRAIL,Massage & Bodywork,1,1,100.0
BANFF TRAIL,Other/Diversified,7,9,77.78
BANFF TRAIL,Retail - General,14,18,77.78
BANFF TRAIL,Wholesale Trade,0,1,0.0
BANKVIEW,Cannabis & Liquor,1,1,100.0
BANKVIEW,Construction & Trades,1,1,100.0
BANKVIEW,Education & Instruction,0,1,0.0
BANKVIEW,Food & Beverage,9,12,75.0
BANKVIEW,Massage & Bodywork,2,2,100.0
BANKVIEW,Other/Diversified,5,6,83.33
BANKVIEW,Personal Services,1,1,100.0
BANKVIEW,Retail - General,62,74,83.78
BAYVIEW,Food & Beverage,9,11,81.82
BAYVIEW,Massage & Bodywork,1,1,100.0
BAYVIEW,Other/Diversified,1,2,50.0
BAYVIEW,Retail - General,13,15,86.67
BEDDINGTON HEIGHTS,Fitness & Recreation,1,1,100.0
BEDDINGTON HEIGHTS,Food & Beverage,18,24,75.0
BEDDINGTON HEIGHTS,Hospitality & Tourism,1,2,50.0
BEDDINGTON HEIGHTS,Massage & Bodywork,2,4,50.0
BEDDINGTON HEIGHTS,Other/Diversified,5,5,100.0
BEDDINGTON HEIGHTS,Personal Services,1,1,100.0
BEDDINGTON HEIGHTS,Retail - General,13,15,86.67
BELMONT,Food & Beverage,3,3,100.0
BELMONT,Retail - General,0,3,0.0
BELTLINE,Automotive Services,1,1,100.0
BELTLINE,Cannabis & Liquor,1,1,100.0
BELTLINE,Construction & Trades,31,38,81.58
BELTLINE,Education & Instruction,12,14,85.71
BELTLINE,Entertainment & Arts,1,2,50.0
BELTLINE,Fitness & Recreation,4,5,80.0
BELTLINE,Food & Beverage,298,375,79.47
BELTLINE,Hospitality & Tourism,4,4,100.0
BELTLINE,Massage & Bodywork,22,28,78.57
BELTLINE,Other/Diversified,75,96,78.12
BELTLINE,Personal Services,28,48,58.33
BELTLINE,Retail - General,287,343,83.67
BELTLINE,Waste & Environment,3,4,75.0
BELTLINE,Wholesale Trade,9,12,75.0
BELVEDERE,Food & Beverage,21,27,77.78
BELVEDERE,Massage & Bodywork,1,1,100.0
BELVEDERE,Other/Diversified,6,6,100.0
BELVEDERE,Retail - General,12,13,92.31
BONAVISTA DOWNS,Food & Beverage,2,2,100.0
BONAVISTA DOWNS,Other/Diversified,2,3,66.67
BONAVISTA DOWNS,Retail - General,1,2,50.0
BOWNESS,Automotive Services,4,4,100.0
BOWNESS,Construction & Trades,6,6,100.0
BOWNESS,Food & Beverage,54,60,90.0
BOWNESS,Hospitality & Tourism,2,2,100.0
BOWNESS,Massage & Bodywork,2,2,100.0
BOWNESS,Other/Diversified,10,13,76.92
BOWNESS,Retail - General,51,60,85.0
BOWNESS,Waste & Environment,2,3,66.67
BOWNESS,Wholesale Trade,1,1,100.0
BRAESIDE,Education & Instruction,1,1,100.0
BRAESIDE,Food & Beverage,17,17,100.0
BRAESIDE,Massage & Bodywork,3,3,100.0
BRAESIDE,Other/Diversified,5,6,83.33
BRAESIDE,Personal Services,1,1,100.0
BRAESIDE,Retail - General,7,8,87.5
BRENTWOOD,Automotive Services,1,1,100.0
BRENTWOOD,Construction & Trades,1,1,100.0
BRENTWOOD,Education & Instruction,5,5,100.0
BRENTWOOD,Fitness & Recreation,2,2,100.0
BRENTWOOD,Food & Beverage,71,85,83.53
BRENTWOOD,Hospitality & Tourism,1,1,100.0
BRENTWOOD,Massage & Bodywork,4,5,80.0
BRENTWOOD,Other/Diversified,22,24,91.67
BRENTWOOD,Personal Services,3,3,100.0
BRENTWOOD,Retail - General,47,54,87.04
BRENTWOOD,Security & Investigation,1,1,100.0
BRIDGELAND/RIVERSIDE,Construction & Trades,2,2,100.0
BRIDGELAND/RIVERSIDE,Fitness & Recreation,2,2,100.0
BRIDGELAND/RIVERSIDE,Food & Beverage,50,61,81.97
BRIDGELAND/RIVERSIDE,Massage & Bodywork,6,6,100.0
BRIDGELAND/RIVERSIDE,Other/Diversified,6,8,75.0
BRIDGELAND/RIVERSIDE,Personal Services,4,5,80.0
BRIDGELAND/RIVERSIDE,Retail - General,47,57,82.46
BRIDGELAND/RIVERSIDE,Special Events,0,1,0.0
BRIDLEWOOD,Education & Instruction,2,2,100.0
BRIDLEWOOD,Food & Beverage,18,19,94.74
BRIDLEWOOD,Massage & Bodywork,1,1,100.0
BRIDLEWOOD,Other/Diversified,2,2,100.0
BRIDLEWOOD,Retail - General,7,8,87.5
BRIDLEWOOD,Waste & Environment,1,1,100.0
BRITANNIA,Education & Instruction,1,1,100.0
BRITANNIA,Food & Beverage,6,7,85.71
BRITANNIA,Other/Diversified,2,4,50.0
BRITANNIA,Retail - General,13,13,100.0
BURNS INDUSTRIAL,Automotive Services,5,6,83.33
BURNS INDUSTRIAL,Construction & Trades,39,51,76.47
BURNS INDUSTRIAL,Education & Instruction,8,10,80.0
BURNS INDUSTRIAL,Fitness & Recreation,2,2,100.0
BURNS INDUSTRIAL,Food & Beverage,13,14,92.86
BURNS INDUSTRIAL,Other/Diversified,20,22,90.91
BURNS INDUSTRIAL,Retail - General,48,58,82.76
BURNS INDUSTRIAL,Security & Investigation,1,1,100.0
BURNS INDUSTRIAL,Waste & Environment,1,1,100.0
BURNS INDUSTRIAL,Wholesale Trade,29,39,74.36
CALGARY INTERNATIONAL AIRPORT,Automotive Services,1,1,100.0
CALGARY INTERNATIONAL AIRPORT,Construction & Trades,6,6,100.0
CALGARY INTERNATIONAL AIRPORT,Entertainment & Arts,1,1,100.0
CALGARY INTERNATIONAL AIRPORT,Food & Beverage,99,115,86.09
CALGARY INTERNATIONAL AIRPORT,Other/Diversified,9,12,75.0
CALGARY INTERNATIONAL AIRPORT,Retail - General,30,36,83.33
CALGARY INTERNATIONAL AIRPORT,Waste & Environment,2,3,66.67
CALGARY INTERNATIONAL AIRPORT,Wholesale Trade,19,24,79.17
CAMBRIAN HEIGHTS,Education & Instruction,1,1,100.0
CAMBRIAN HEIGHTS,Food & Beverage,5,5,100.0
CAMBRIAN HEIGHTS,Other/Diversified,2,2,100.0
CAMBRIAN HEIGHTS,Retail - General,13,13,100.0
CANADA OLYMPIC PARK,Fitness & Recreation,1,1,100.0
CANADA OLYMPIC PARK,Food & Beverage,2,2,100.0
CANADA OLYMPIC PARK,Other/Diversified,2,2,100.0
CANADA OLYMPIC PARK,Retail - General,0,2,0.0
CANADA OLYMPIC PARK,Security & Investigation,1,1,100.0
CANADA OLYMPIC PARK,Wholesale Trade,1,1,100.0
CANYON MEADOWS,Automotive Services,1,1,100.0
CANYON MEADOWS,Education & Instruction,2,2,100.0
CANYON MEADOWS,Fitness & Recreation,1,1,100.0
CANYON MEADOWS,Food & Beverage,19,21,90.48
CANYON MEADOWS,Massage & Bodywork,1,2,50.0
CANYON MEADOWS,Other/Diversified,2,3,66.67
CANYON MEADOWS,Retail - General,6,8,75.0
CAPITOL HILL,Automotive Services,3,3,100.0
CAPITOL HILL,Construction & Trades,1,2,50.0
CAPITOL HILL,Food & Beverage,25,30,83.33
CAPITOL HILL,Massage & Bodywork,7,9,77.78
CAPITOL HILL,Other/Diversified,3,4,75.0
CAPITOL HILL,Personal Services,2,2,100.0
CAPITOL HILL,Retail - General,32,37,86.49
CAPITOL HILL,Wholesale Trade,1,1,100.0
CARRINGTON,Education & Instruction,1,1,100.0
CARRINGTON,Food & Beverage,14,20,70.0
CARRINGTON,Other/Diversified,3,4,75.0
CARRINGTON,Personal Services,1,1,100.0
CARRINGTON,Retail - General,13,13,100.0
CASTLERIDGE,Food & Beverage,2,4,50.0
CASTLERIDGE,Massage & Bodywork,1,1,100.0
CASTLERIDGE,Retail - General,3,3,100.0
CEDARBRAE,Food & Beverage,8,9,88.89
CEDARBRAE,Massage & Bodywork,1,1,100.0
CEDARBRAE,Other/Diversified,2,2,100.0
CEDARBRAE,Retail - General,2,3,66.67
CHAPARRAL,Cannabis & Liquor,0,1,0.0
CHAPARRAL,Food & Beverage,8,11,72.73
CHAPARRAL,Massage & Bodywork,1,2,50.0
CHAPARRAL,Other/Diversified,1,1,100.0
CHAPARRAL,Retail - General,4,4,100.0
CHARLESWOOD,Food & Beverage,1,2,50.0
CHARLESWOOD,Other/Diversified,2,2,100.0
CHARLESWOOD,Retail - General,7,10,70.0
CHINATOWN,Automotive Services,1,1,100.0
CHINATOWN,Education & Instruction,3,3,100.0
CHINATOWN,Entertainment & Arts,1,1,100.0
CHINATOWN,Food & Beverage,55,76,72.37
CHINATOWN,Massage & Bodywork,3,4,75.0
CHINATOWN,Other/Diversified,12,16,75.0
CHINATOWN,Personal Services,8,9,88.89
CHINATOWN,Retail - General,33,40,82.5
CHINATOWN,Wholesale Trade,2,2,100.0
CHINOOK PARK,Food & Beverage,0,1,0.0
CHINOOK PARK,Other/Diversified,1,2,50.0
CHINOOK PARK,Retail - General,1,6,16.67
CHRISTIE PARK,Education & Instruction,1,1,100.0
CHRISTIE PARK,Food & Beverage,8,8,100.0
CHRISTIE PARK,Other/Diversified,1,1,100.0
CHRISTIE PARK,Retail - General,3,3,100.0
CITADEL,Food & Beverage,2,3,66.67
CITADEL,Hospitality & Tourism,0,1,0.0
CITYSCAPE,Automotive Services,1,1,100.0
CITYSCAPE,Education & Instruction,1,1,100.0
CITYSCAPE,Food & Beverage,13,16,81.25
CITYSCAPE,Other/Diversified,2,2,100.0
CITYSCAPE,Retail - General,3,5,60.0
CLIFF BUNGALOW,Food & Beverage,30,37,81.08
CLIFF BUNGALOW,Massage & Bodywork,1,2,50.0
CLIFF BUNGALOW,Other/Diversified,20,25,80.0
CLIFF BUNGALOW,Personal Services,3,6,50.0
CLIFF BUNGALOW,Retail - General,45,54,83.33
CLIFF BUNGALOW,Waste & Environment,1,1,100.0
COLLINGWOOD,Automotive Services,2,2,100.0
COLLINGWOOD,Food & Beverage,6,11,54.55
COLLINGWOOD,Massage & Bodywork,2,2,100.0
COLLINGWOOD,Other/Diversified,5,5,100.0
COLLINGWOOD,Personal Services,1,1,100.0
COLLINGWOOD,Retail - General,13,16,81.25
COPPERFIELD,Automotive Services,0,1,0.0
COPPERFIELD,Construction & Trades,1,1,100.0
COPPERFIELD,Food & Beverage,16,20,80.0
COPPERFIELD,Other/Diversified,1,2,50.0
COPPERFIELD,Retail - General,7,8,87.5
CORAL SPRINGS,Food & Beverage,5,7,71.43
CORAL SPRINGS,Massage & Bodywork,1,1,100.0
CORAL SPRINGS,Other/Diversified,0,1,0.0
CORAL SPRINGS,Retail - General,1,1,100.0
CORNERSTONE,Food & Beverage,18,22,81.82
CORNERSTONE,Other/Diversified,4,4,100.0
CORNERSTONE,Retail - General,8,10,80.0
COUGAR RIDGE,Food & Beverage,2,3,66.67
COUGAR RIDGE,Retail - General,1,1,100.0
COUNTRY HILLS,Construction & Trades,9,9,100.0
COUNTRY HILLS,Education & Instruction,6,6,100.0
COUNTRY HILLS,Food & Beverage,19,22,86.36
COUNTRY HILLS,Other/Diversified,5,5,100.0
COUNTRY HILLS,Retail - General,10,10,100.0
COUNTRY HILLS,Wholesale Trade,1,2,50.0
COUNTRY HILLS VILLAGE,Automotive Services,1,1,100.0
COUNTRY HILLS VILLAGE,Food & Beverage,25,36,69.44
COUNTRY HILLS VILLAGE,Massage & Bodywork,3,3,100.0
COUNTRY HILLS VILLAGE,Other/Diversified,3,3,100.0
COUNTRY HILLS VILLAGE,Personal Services,0,1,0.0
COUNTRY HILLS VILLAGE,Retail - General,12,15,80.0
COUNTRY HILLS VILLAGE,Waste & Environment,1,1,100.0
COVENTRY HILLS,Automotive Services,0,1,0.0
COVENTRY HILLS,Food & Beverage,18,20,90.0
COVENTRY HILLS,Massage & Bodywork,2,3,66.67
COVENTRY HILLS,Other/Diversified,4,4,100.0
COVENTRY HILLS,Retail - General,7,8,87.5
COVENTRY HILLS,Waste & Environment,1,1,100.0
CRANSTON,Food & Beverage,14,15,93.33
CRANSTON,Massage & Bodywork,0,1,0.0
CRANSTON,Other/Diversified,1,1,100.0
CRANSTON,Retail - General,6,7,85.71
CRESCENT HEIGHTS,Automotive Services,3,4,75.0
CRESCENT HEIGHTS,Cannabis & Liquor,1,1,100.0
CRESCENT HEIGHTS,Construction & Trades,2,2,100.0
CRESCENT HEIGHTS,Fitness & Recreation,1,1,100.0
CRESCENT HEIGHTS,Food & Beverage,79,90,87.78
CRESCENT HEIGHTS,Massage & Bodywork,12,16,75.0
CRESCENT HEIGHTS,Other/Diversified,19,21,90.48
CRESCENT HEIGHTS,Personal Services,1,2,50.0
CRESCENT HEIGHTS,Retail - General,89,120,74.17
CRESTMONT,Food & Beverage,2,4,50.0
CRESTMONT,Retail - General,1,2,50.0
CURRIE BARRACKS,Food & Beverage,6,6,100.0
CURRIE BARRACKS,Massage & Bodywork,1,1,100.0
CURRIE BARRACKS,Other/Diversified,3,3,100.0
CURRIE BARRACKS,Personal Services,2,2,100.0
CURRIE BARRACKS,Retail - General,2,3,66.67
DALHOUSIE,Education & Instruction,1,1,100.0
DALHOUSIE,Food & Beverage,19,21,90.48
DALHOUSIE,Hospitality & Tourism,3,6,50.0
DALHOUSIE,Massage & Bodywork,1,1,100.0
DALHOUSIE,Other/Diversified,2,3,66.67
DALHOUSIE,Retail - General,8,13,61.54
DALHOUSIE,Waste & Environment,1,1,100.0
DEER RIDGE,Food & Beverage,33,38,86.84
DEER RIDGE,Massage & Bodywork,2,2,100.0
DEER RIDGE,Other/Diversified,6,8,75.0
DEER RIDGE,Personal Services,1,1,100.0
DEER RIDGE,Retail - General,13,16,81.25
DEER RUN,Food & Beverage,2,3,66.67
DEER RUN,Massage & Bodywork,1,1,100.0
DEER RUN,Other/Diversified,0,1,0.0
DEER RUN,Retail - General,0,1,0.0
DEERFOOT BUSINESS CENTRE,Automotive Services,0,1,0.0
DEERFOOT BUSINESS CENTRE,Construction & Trades,18,21,85.71
DEERFOOT BUSINESS CENTRE,Education & Instruction,3,3,100.0
DEERFOOT BUSINESS CENTRE,Food & Beverage,27,35,77.14
DEERFOOT BUSINESS CENTRE,Massage & Bodywork,1,1,100.0
DEERFOOT BUSINESS CENTRE,Other/Diversified,14,17,82.35
DEERFOOT BUSINESS CENTRE,Retail - General,34,40,85.0
DEERFOOT BUSINESS CENTRE,Special Events,1,1,100.0
DEERFOOT BUSINESS CENTRE,Wholesale Trade,8,14,57.14
DISCOVERY RIDGE,Food & Beverage,2,3,66.67
DISCOVERY RIDGE,Other/Diversified,2,2,100.0
DISCOVERY RIDGE,Retail - General,1,1,100.0
DOUGLASDALE/GLEN,Construction & Trades,28,28,100.0
DOUGLASDALE/GLEN,Food & Beverage,18,25,72.0
DOUGLASDALE/GLEN,Massage & Bodywork,1,2,50.0
DOUGLASDALE/GLEN,Other/Diversified,2,4,50.0
DOUGLASDALE/GLEN,Retail - General,5,5,100.0
DOUGLASDALE/GLEN,Wholesale Trade,3,5,60.0
DOVER,Construction & Trades,0,1,0.0
DOVER,Food & Beverage,17,18,94.44
DOVER,Hospitality & Tourism,1,1,100.0
DOVER,Other/Diversified,3,3,100.0
DOVER,Retail - General,15,16,93.75
DOWNTOWN COMMERCIAL CORE,Automotive Services,5,6,83.33
DOWNTOWN COMMERCIAL CORE,Cannabis & Liquor,1,1,100.0
DOWNTOWN COMMERCIAL CORE,Construction & Trades,71,83,85.54
DOWNTOWN COMMERCIAL CORE,Education & Instruction,7,9,77.78
DOWNTOWN COMMERCIAL CORE,Entertainment & Arts,4,5,80.0
DOWNTOWN COMMERCIAL CORE,Fitness & Recreation,2,3,66.67
DOWNTOWN COMMERCIAL CORE,Food & Beverage,300,368,81.52
DOWNTOWN COMMERCIAL CORE,Hospitality & Tourism,2,3,66.67
DOWNTOWN COMMERCIAL CORE,Massage & Bodywork,13,15,86.67
DOWNTOWN COMMERCIAL CORE,Other/Diversified,72,86,83.72
DOWNTOWN COMMERCIAL CORE,Personal Services,6,9,66.67
DOWNTOWN COMMERCIAL CORE,Retail - General,143,188,76.06
DOWNTOWN COMMERCIAL CORE,Security & Investigation,2,2,100.0
DOWNTOWN COMMERCIAL CORE,Special Events,7,7,100.0
DOWNTOWN COMMERCIAL CORE,Waste & Environment,4,6,66.67
DOWNTOWN COMMERCIAL CORE,Wholesale Trade,35,39,89.74
DOWNTOWN EAST VILLAGE,Food & Beverage,26,37,70.27
DOWNTOWN EAST VILLAGE,Massage & Bodywork,1,1,100.0
DOWNTOWN EAST VILLAGE,Other/Diversified,5,6,83.33
DOWNTOWN EAST VILLAGE,Personal Services,4,6,66.67
DOWNTOWN EAST VILLAGE,Retail - General,12,14,85.71
DOWNTOWN EAST VILLAGE,Wholesale Trade,1,1,100.0
DOWNTOWN WEST END,Construction & Trades,1,1,100.0
DOWNTOWN WEST END,Education & Instruction,1,2,50.0
DOWNTOWN WEST END,Food & Beverage,15,17,88.24
DOWNTOWN WEST END,Hospitality & Tourism,0,1,0.0
DOWNTOWN WEST END,Massage & Bodywork,3,5,60.0
DOWNTOWN WEST END,Other/Diversified,8,9,88.89
DOWNTOWN WEST END,Personal Services,2,2,100.0
DOWNTOWN WEST END,Retail - General,11,16,68.75
DOWNTOWN WEST END,Wholesale Trade,1,1,100.0
EAGLE RIDGE,Food & Beverage,3,4,75.0
EAGLE RIDGE,Retail - General,1,1,100.0
EAST FAIRVIEW INDUSTRIAL,Cannabis & Liquor,1,1,100.0
EAST FAIRVIEW INDUSTRIAL,Construction & Trades,7,7,100.0
EAST FAIRVIEW INDUSTRIAL,Education & Instruction,1,1,100.0
EAST FAIRVIEW INDUSTRIAL,Food & Beverage,43,51,84.31
EAST FAIRVIEW INDUSTRIAL,Massage & Bodywork,2,2,100.0
EAST FAIRVIEW INDUSTRIAL,Other/Diversified,3,5,60.0
EAST FAIRVIEW INDUSTRIAL,Personal Services,0,1,0.0
EAST FAIRVIEW INDUSTRIAL,Retail - General,59,73,80.82
EAST FAIRVIEW INDUSTRIAL,Wholesale Trade,8,10,80.0
EAST SHEPARD INDUSTRIAL,Automotive Services,23,26,88.46
EAST SHEPARD INDUSTRIAL,Cannabis & Liquor,2,3,66.67
EAST SHEPARD INDUSTRIAL,Construction & Trades,111,132,84.09
EAST SHEPARD INDUSTRIAL,Education & Instruction,17,18,94.44
EAST SHEPARD INDUSTRIAL,Food & Beverage,75,85,88.24
EAST SHEPARD INDUSTRIAL,Massage & Bodywork,1,2,50.0
EAST SHEPARD INDUSTRIAL,Other/Diversified,59,71,83.1
EAST SHEPARD INDUSTRIAL,Personal Services,1,1,100.0
EAST SHEPARD INDUSTRIAL,Retail - General,105,136,77.21
EAST SHEPARD INDUSTRIAL,Security & Investigation,2,2,100.0
EAST SHEPARD INDUSTRIAL,Waste & Environment,4,4,100.0
EAST SHEPARD INDUSTRIAL,Wholesale Trade,79,96,82.29
EASTFIELD,Automotive Services,3,4,75.0
EASTFIELD,Cannabis & Liquor,1,1,100.0
EASTFIELD,Construction & Trades,26,33,78.79
EASTFIELD,Education & Instruction,1,2,50.0
EASTFIELD,Fitness & Recreation,1,1,100.0
EASTFIELD,Food & Beverage,9,10,90.0
EASTFIELD,Other/Diversified,14,18,77.78
EASTFIELD,Retail - General,15,21,71.43
EASTFIELD,Waste & Environment,2,2,100.0
EASTFIELD,Wholesale Trade,19,23,82.61
EAU CLAIRE,Automotive Services,0,1,0.0
EAU CLAIRE,Construction & Trades,1,1,100.0
EAU CLAIRE,Food & Beverage,22,27,81.48
EAU CLAIRE,Massage & Bodywork,2,2,100.0
EAU CLAIRE,Other/Diversified,1,3,33.33
EAU CLAIRE,Personal Services,0,1,0.0
EAU CLAIRE,Retail - General,6,7,85.71
EDGEMONT,Fitness & Recreation,1,1,100.0
EDGEMONT,Food & Beverage,25,28,89.29
EDGEMONT,Massage & Bodywork,2,2,100.0
EDGEMONT,Other/Diversified,6,8,75.0
EDGEMONT,Personal Services,0,1,0.0
EDGEMONT,Retail - General,9,11,81.82
EDGEMONT,Waste & Environment,0,1,0.0
ELBOW PARK,Food & Beverage,1,1,100.0
ELBOYA,Automotive Services,2,2,100.0
ELBOYA,Food & Beverage,3,3,100.0
ELBOYA,Hospitality & Tourism,0,1,0.0
ELBOYA,Massage & Bodywork,2,2,100.0
ELBOYA,Other/Diversified,3,5,60.0
ELBOYA,Retail - General,7,9,77.78
ERIN WOODS,Automotive Services,2,2,100.0
ERIN WOODS,Food & Beverage,8,8,100.0
ERIN WOODS,Other/Diversified,1,1,100.0
ERIN WOODS,Retail - General,4,7,57.14
ERLTON,Education & Instruction,1,1,100.0
ERLTON,Food & Beverage,3,4,75.0
ERLTON,Massage & Bodywork,1,1,100.0
ERLTON,Retail - General,1,1,100.0
EVANSTON,Automotive Services,1,1,100.0
EVANSTON,Education & Instruction,3,3,100.0
EVANSTON,Food & Beverage,42,53,79.25
EVANSTON,Massage & Bodywork,1,1,100.0
EVANSTON,Other/Diversified,3,4,75.0
EVANSTON,Personal Services,2,2,100.0
EVANSTON,Retail - General,19,21,90.48
EVERGREEN,Automotive Services,1,1,100.0
EVERGREEN,Construction & Trades,0,1,0.0
EVERGREEN,Education & Instruction,1,1,100.0
EVERGREEN,Food & Beverage,10,10,100.0
EVERGREEN,Massage & Bodywork,3,4,75.0
EVERGREEN,Other/Diversified,2,3,66.67
EVERGREEN,Personal Services,1,1,100.0
EVERGREEN,Retail - General,4,6,66.67
FAIRVIEW,Automotive Services,1,1,100.0
FAIRVIEW,Construction & Trades,1,1,100.0
FAIRVIEW,Education & Instruction,1,2,50.0
FAIRVIEW,Food & Beverage,11,12,91.67
FAIRVIEW,Massage & Bodywork,5,5,100.0
FAIRVIEW,Other/Diversified,7,9,77.78
FAIRVIEW,Personal Services,2,2,100.0
FAIRVIEW,Retail - General,22,24,91.67
FAIRVIEW INDUSTRIAL,Automotive Services,8,9,88.89
FAIRVIEW INDUSTRIAL,Construction & Trades,46,60,76.67
FAIRVIEW INDUSTRIAL,Education & Instruction,10,10,100.0
FAIRVIEW INDUSTRIAL,Entertainment & Arts,1,1,100.0
FAIRVIEW INDUSTRIAL,Fitness & Recreation,6,6,100.0
FAIRVIEW INDUSTRIAL,Food & Beverage,48,57,84.21
FAIRVIEW INDUSTRIAL,Hospitality & Tourism,1,1,100.0
FAIRVIEW INDUSTRIAL,Massage & Bodywork,5,5,100.0
FAIRVIEW INDUSTRIAL,Other/Diversified,38,40,95.0
FAIRVIEW INDUSTRIAL,Retail - General,79,100,79.0
FAIRVIEW INDUSTRIAL,Security & Investigation,1,1,100.0
FAIRVIEW INDUSTRIAL,Waste & Environment,2,2,100.0
FAIRVIEW INDUSTRIAL,Wholesale Trade,29,33,87.88
FALCONRIDGE,Automotive Services,0,1,0.0
FALCONRIDGE,Construction & Trades,1,1,100.0
FALCONRIDGE,Education & Instruction,1,1,100.0
FALCONRIDGE,Food & Beverage,24,27,88.89
FALCONRIDGE,Massage & Bodywork,2,2,100.0
FALCONRIDGE,Other/Diversified,7,7,100.0
FALCONRIDGE,Retail - General,17,18,94.44
FISH CREEK PARK,Food & Beverage,2,3,66.67
FISH CREEK PARK,Retail - General,1,1,100.0
FOOTHILLS,Automotive Services,52,63,82.54
FOOTHILLS,Cannabis & Liquor,1,2,50.0
FOOTHILLS,Construction & Trades,166,205,80.98
FOOTHILLS,Education & Instruction,2,3,66.67
FOOTHILLS,Fitness & Recreation,2,2,100.0
FOOTHILLS,Food & Beverage,75,88,85.23
FOOTHILLS,Other/Diversified,177,208,85.1
FOOTHILLS,Retail - General,114,133,85.71
FOOTHILLS,Waste & Environment,10,11,90.91
FOOTHILLS,Wholesale Trade,114,135,84.44
FOREST HEIGHTS,Food & Beverage,13,16,81.25
FOREST HEIGHTS,Massage & Bodywork,1,2,50.0
FOREST HEIGHTS,Other/Diversified,2,2,100.0
FOREST HEIGHTS,Personal Services,1,1,100.0
FOREST HEIGHTS,Retail - General,6,8,75.0
FOREST HEIGHTS,Waste & Environment,1,1,100.0
FOREST LAWN,Automotive Services,8,8,100.0
FOREST LAWN,Education & Instruction,3,3,100.0
FOREST LAWN,Food & Beverage,67,85,78.82
FOREST LAWN,Massage & Bodywork,4,5,80.0
FOREST LAWN,Other/Diversified,10,12,83.33
FOREST LAWN,Retail - General,39,45,86.67
FOREST LAWN,Waste & Environment,1,2,50.0
FOREST LAWN INDUSTRIAL,Automotive Services,14,16,87.5
FOREST LAWN INDUSTRIAL,Construction & Trades,10,10,100.0
FOREST LAWN INDUSTRIAL,Education & Instruction,1,1,100.0
FOREST LAWN INDUSTRIAL,Food & Beverage,41,44,93.18
FOREST LAWN INDUSTRIAL,Massage & Bodywork,1,1,100.0
FOREST LAWN INDUSTRIAL,Other/Diversified,9,12,75.0
FOREST LAWN INDUSTRIAL,Personal Services,2,2,100.0
FOREST LAWN INDUSTRIAL,Retail - General,43,57,75.44
FOREST LAWN INDUSTRIAL,Wholesale Trade,5,6,83.33
FRANKLIN,Automotive Services,13,20,65.0
FRANKLIN,Cannabis & Liquor,1,1,100.0
FRANKLIN,Construction & Trades,19,31,61.29
FRANKLIN,Education & Instruction,13,14,92.86
FRANKLIN,Entertainment & Arts,0,1,0.0
FRANKLIN,Fitness & Recreation,1,2,50.0
FRANKLIN,Food & Beverage,88,107,82.24
FRANKLIN,Massage & Bodywork,7,7,100.0
FRANKLIN,Other/Diversified,28,29,96.55
FRANKLIN,Retail - General,83,95,87.37
FRANKLIN,Security & Investigation,0,1,0.0
FRANKLIN,Waste & Environment,6,6,100.0
FRANKLIN,Wholesale Trade,16,18,88.89
GARRISON GREEN,Food & Beverage,1,2,50.0
GARRISON GREEN,Other/Diversified,1,1,100.0
GARRISON WOODS,Food & Beverage,8,11,72.73
GARRISON WOODS,Other/Diversified,2,2,100.0
GARRISON WOODS,Personal Services,2,2,100.0
GARRISON WOODS,Retail - General,4,7,57.14
GLAMORGAN,Automotive Services,1,1,100.0
GLAMORGAN,Food & Beverage,26,28,92.86
GLAMORGAN,Massage & Bodywork,1,2,50.0
GLAMORGAN,Other/Diversified,3,4,75.0
GLAMORGAN,Retail - General,14,18,77.78
GLAMORGAN,Waste & Environment,1,1,100.0
GLENBROOK,Education & Instruction,2,2,100.0
GLENBROOK,Food & Beverage,21,28,75.0
GLENBROOK,Massage & Bodywork,1,1,100.0
GLENBROOK,Other/Diversified,3,6,50.0
GLENBROOK,Retail - General,29,33,87.88
GLENBROOK,Waste & Environment,2,2,100.0
GLENDALE,Automotive Services,3,3,100.0
GLENDALE,Fitness & Recreation,1,1,100.0
GLENDALE,Food & Beverage,13,13,100.0
GLENDALE,Massage & Bodywork,1,2,50.0
GLENDALE,Other/Diversified,5,6,83.33
GLENDALE,Personal Services,1,1,100.0
GLENDALE,Retail - General,13,13,100.0
GLENDALE,Waste & Environment,2,2,100.0
GLENDEER BUSINESS PARK,Construction & Trades,1,1,100.0
GLENDEER BUSINESS PARK,Food & Beverage,1,1,100.0
GLENDEER BUSINESS PARK,Retail - General,13,13,100.0
GLENMORE PARK,Education & Instruction,1,1,100.0
GLENMORE PARK,Food & Beverage,5,5,100.0
GOLDEN TRIANGLE,Automotive Services,6,8,75.0
GOLDEN TRIANGLE,Construction & Trades,25,30,83.33
GOLDEN TRIANGLE,Food & Beverage,3,4,75.0
GOLDEN TRIANGLE,Other/Diversified,2,3,66.67
GOLDEN TRIANGLE,Retail - General,17,20,85.0
GOLDEN TRIANGLE,Wholesale Trade,6,7,85.71
GREAT PLAINS,Automotive Services,3,5,60.0
GREAT PLAINS,Construction & Trades,20,23,86.96
GREAT PLAINS,Entertainment & Arts,1,1,100.0
GREAT PLAINS,Food & Beverage,26,29,89.66
GREAT PLAINS,Other/Diversified,20,24,83.33
GREAT PLAINS,Retail - General,35,41,85.37
GREAT PLAINS,Waste & Environment,1,1,100.0
GREAT PLAINS,Wholesale Trade,44,50,88.0
GREAT PLAINS EAST,Construction & Trades,0,1,0.0
GREAT PLAINS EAST,Other/Diversified,3,3,100.0
GREAT PLAINS EAST,Retail - General,3,3,100.0
GREENVIEW,Food & Beverage,3,4,75.0
GREENVIEW,Massage & Bodywork,1,1,100.0
GREENVIEW,Other/Diversified,1,1,100.0
GREENVIEW,Retail - General,5,7,71.43
GREENVIEW INDUSTRIAL PARK,Automotive Services,32,41,78.05
GREENVIEW INDUSTRIAL PARK,Construction & Trades,72,83,86.75
GREENVIEW INDUSTRIAL PARK,Education & Instruction,3,4,75.0
GREENVIEW INDUSTRIAL PARK,Fitness & Recreation,3,5,60.0
GREENVIEW INDUSTRIAL PARK,Food & Beverage,31,38,81.58
GREENVIEW INDUSTRIAL PARK,Massage & Bodywork,2,2,100.0
GREENVIEW INDUSTRIAL PARK,Other/Diversified,35,47,74.47
GREENVIEW INDUSTRIAL PARK,Personal Services,1,1,100.0
GREENVIEW INDUSTRIAL PARK,Retail - General,96,112,85.71
GREENVIEW INDUSTRIAL PARK,Security & Investigation,1,1,100.0
GREENVIEW INDUSTRIAL PARK,Waste & Environment,2,2,100.0
GREENVIEW INDUSTRIAL PARK,Wholesale Trade,19,23,82.61
GREENWOOD/GREENBRIAR,Food & Beverage,9,9,100.0
GREENWOOD/GREENBRIAR,Massage & Bodywork,1,2,50.0
GREENWOOD/GREENBRIAR,Other/Diversified,15,16,93.75
GREENWOOD/GREENBRIAR,Personal Services,6,6,100.0
GREENWOOD/GREENBRIAR,Retail - General,10,12,83.33
HAMPTONS,Food & Beverage,3,5,60.0
HAMPTONS,Other/Diversified,2,3,66.67
HAMPTONS,Retail - General,1,2,50.0
HARVEST HILLS,Food & Beverage,4,6,66.67
HARVEST HILLS,Massage & Bodywork,2,2,100.0
HARVEST HILLS,Other/Diversified,1,1,100.0
HARVEST HILLS,Retail - General,3,3,100.0
HASKAYNE,Food & Beverage,1,1,100.0
HAWKWOOD,Automotive Services,2,2,100.0
HAWKWOOD,Food & Beverage,4,6,66.67
HAWKWOOD,Other/Diversified,1,1,100.0
HAWKWOOD,Retail - General,0,1,0.0
HAWKWOOD,Waste & Environment,0,1,0.0
HAYSBORO,Automotive Services,8,8,100.0
HAYSBORO,Construction & Trades,10,12,83.33
HAYSBORO,Education & Instruction,9,11,81.82
HAYSBORO,Fitness & Recreation,0,1,0.0
HAYSBORO,Food & Beverage,49,66,74.24
HAYSBORO,Massage & Bodywork,8,8,100.0
HAYSBORO,Other/Diversified,19,27,70.37
HAYSBORO,Personal Services,9,11,81.82
HAYSBORO,Retail - General,54,65,83.08
HAYSBORO,Waste & Environment,2,2,100.0
HAYSBORO,Wholesale Trade,0,1,0.0
HIDDEN VALLEY,Food & Beverage,5,7,71.43
HIDDEN VALLEY,Massage & Bodywork,1,1,100.0
HIDDEN VALLEY,Other/Diversified,1,2,50.0
HIDDEN VALLEY,Retail - General,5,7,71.43
HIGHFIELD,Automotive Services,29,63,46.03
HIGHFIELD,Cannabis & Liquor,2,2,100.0
HIGHFIELD,Construction & Trades,77,95,81.05
HIGHFIELD,Education & Instruction,4,4,100.0
HIGHFIELD,Fitness & Recreation,2,3,66.67
HIGHFIELD,Food & Beverage,33,45,73.33
HIGHFIELD,Massage & Bodywork,3,3,100.0
HIGHFIELD,Other/Diversified,44,55,80.0
HIGHFIELD,Personal Services,2,2,100.0
HIGHFIELD,Retail - General,85,108,78.7
HIGHFIELD,Security & Investigation,4,5,80.0
HIGHFIELD,Waste & Environment,2,2,100.0
HIGHFIELD,Wholesale Trade,46,54,85.19
HIGHLAND PARK,Food & Beverage,6,6,100.0
HIGHLAND PARK,Hospitality & Tourism,1,1,100.0
HIGHLAND PARK,Massage & Bodywork,1,1,100.0
HIGHLAND PARK,Other/Diversified,9,10,90.0
HIGHLAND PARK,Personal Services,1,1,100.0
HIGHLAND PARK,Retail - General,26,31,83.87
HIGHLAND PARK,Special Events,1,1,100.0
HIGHWOOD,Education & Instruction,1,1,100.0
HIGHWOOD,Food & Beverage,12,16,75.0
HIGHWOOD,Massage & Bodywork,1,1,100.0
HIGHWOOD,Other/Diversified,2,2,100.0
HIGHWOOD,Retail - General,5,5,100.0
HIGHWOOD,Special Events,1,1,100.0
HILLHURST,Automotive Services,1,1,100.0
HILLHURST,Construction & Trades,3,5,60.0
HILLHURST,Education & Instruction,5,5,100.0
HILLHURST,Fitness & Recreation,2,3,66.67
HILLHURST,Food & Beverage,69,86,80.23
HILLHURST,Massage & Bodywork,10,10,100.0
HILLHURST,Other/Diversified,33,44,75.0
HILLHURST,Personal Services,12,15,80.0
HILLHURST,Retail - General,62,77,80.52
HILLHURST,Wholesale Trade,0,1,0.0
HOMESTEAD,Food & Beverage,3,4,75.0
HOMESTEAD,Retail - General,1,1,100.0
HORIZON,Automotive Services,19,26,73.08
HORIZON,Construction & Trades,19,26,73.08
HORIZON,Education & Instruction,9,11,81.82
HORIZON,Fitness & Recreation,0,1,0.0
HORIZON,Food & Beverage,57,66,86.36
HORIZON,Hospitality & Tourism,2,2,100.0
HORIZON,Massage & Bodywork,1,1,100.0
HORIZON,Other/Diversified,26,36,72.22
HORIZON,Retail - General,62,72,86.11
HORIZON,Security & Investigation,3,3,100.0
HORIZON,Waste & Environment,2,2,100.0
HORIZON,Wholesale Trade,20,23,86.96
HOUNSFIELD HEIGHTS/BRIAR HILL,Education & Instruction,2,2,100.0
HOUNSFIELD HEIGHTS/BRIAR HILL,Food & Beverage,27,30,90.0
HOUNSFIELD HEIGHTS/BRIAR HILL,Hospitality & Tourism,1,1,100.0
HOUNSFIELD HEIGHTS/BRIAR HILL,Other/Diversified,4,6,66.67
HOUNSFIELD HEIGHTS/BRIAR HILL,Retail - General,28,36,77.78
HOUNSFIELD HEIGHTS/BRIAR HILL,Waste & Environment,1,1,100.0
HUNTINGTON HILLS,Automotive Services,1,1,100.0
HUNTINGTON HILLS,Food & Beverage,22,29,75.86
HUNTINGTON HILLS,Hospitality & Tourism,1,1,100.0
HUNTINGTON HILLS,Other/Diversified,7,8,87.5
HUNTINGTON HILLS,Retail - General,14,15,93.33
INGLEWOOD,Automotive Services,4,4,100.0
INGLEWOOD,Construction & Trades,7,7,100.0
INGLEWOOD,Food & Beverage,63,73,86.3
INGLEWOOD,Massage & Bodywork,8,13,61.54
INGLEWOOD,Other/Diversified,14,22,63.64
INGLEWOOD,Personal Services,6,8,75.0
INGLEWOOD,Retail - General,68,84,80.95
INGLEWOOD,Wholesale Trade,1,1,100.0
KELVIN GROVE,Fitness & Recreation,1,1,100.0
KELVIN GROVE,Food & Beverage,13,14,92.86
KELVIN GROVE,Massage & Bodywork,3,4,75.0
KELVIN GROVE,Other/Diversified,5,6,83.33
KELVIN GROVE,Retail - General,2,6,33.33
KILLARNEY/GLENGARRY,Construction & Trades,2,3,66.67
KILLARNEY/GLENGARRY,Education & Instruction,3,3,100.0
KILLARNEY/GLENGARRY,Food & Beverage,30,31,96.77
KILLARNEY/GLENGARRY,Massage & Bodywork,3,4,75.0
KILLARNEY/GLENGARRY,Other/Diversified,10,14,71.43
KILLARNEY/GLENGARRY,Personal Services,2,2,100.0
KILLARNEY/GLENGARRY,Retail - General,31,34,91.18
KILLARNEY/GLENGARRY,Wholesale Trade,1,1,100.0
KINCORA,Retail - General,2,2,100.0
KINGSLAND,Automotive Services,1,1,100.0
KINGSLAND,Construction & Trades,3,3,100.0
KINGSLAND,Education & Instruction,2,2,100.0
KINGSLAND,Fitness & Recreation,1,1,100.0
KINGSLAND,Food & Beverage,28,37,75.68
KINGSLAND,Hospitality & Tourism,1,1,100.0
KINGSLAND,Massage & Bodywork,3,5,60.0
KINGSLAND,Other/Diversified,6,8,75.0
KINGSLAND,Personal Services,3,3,100.0
KINGSLAND,Retail - General,55,63,87.3
LAKE BONAVISTA,Education & Instruction,1,1,100.0
LAKE BONAVISTA,Entertainment & Arts,1,1,100.0
LAKE BONAVISTA,Fitness & Recreation,2,2,100.0
LAKE BONAVISTA,Food & Beverage,47,53,88.68
LAKE BONAVISTA,Hospitality & Tourism,0,1,0.0
LAKE BONAVISTA,Massage & Bodywork,7,7,100.0
LAKE BONAVISTA,Other/Diversified,10,13,76.92
LAKE BONAVISTA,Personal Services,2,2,100.0
LAKE BONAVISTA,Retail - General,41,51,80.39
LAKE BONAVISTA,Waste & Environment,1,1,100.0
LAKEVIEW,Education & Instruction,1,1,100.0
LAKEVIEW,Food & Beverage,10,10,100.0
LAKEVIEW,Other/Diversified,3,3,100.0
LAKEVIEW,Personal Services,1,1,100.0
LAKEVIEW,Retail - General,8,10,80.0
LEGACY,Construction & Trades,0,2,0.0
LEGACY,Education & Instruction,2,2,100.0
LEGACY,Fitness & Recreation,0,1,0.0
LEGACY,Food & Beverage,37,50,74.0
LEGACY,Massage & Bodywork,2,2,100.0
LEGACY,Other/Diversified,6,6,100.0
LEGACY,Retail - General,28,31,90.32
LINCOLN PARK,Construction & Trades,30,38,78.95
LINCOLN PARK,Food & Beverage,25,27,92.59
LINCOLN PARK,Massage & Bodywork,4,4,100.0
LINCOLN PARK,Other/Diversified,1,1,100.0
LINCOLN PARK,Retail - General,8,8,100.0
LINCOLN PARK,Wholesale Trade,2,2,100.0
LIVINGSTON,Retail - General,2,2,100.0
LOWER MOUNT ROYAL,Construction & Trades,7,7,100.0
LOWER MOUNT ROYAL,Financial Services,1,1,100.0
LOWER MOUNT ROYAL,Food & Beverage,30,44,68.18
LOWER MOUNT ROYAL,Massage & Bodywork,2,2,100.0
LOWER MOUNT ROYAL,Other/Diversified,8,9,88.89
LOWER MOUNT ROYAL,Personal Services,4,6,66.67
LOWER MOUNT ROYAL,Retail - General,56,75,74.67
LOWER MOUNT ROYAL,Waste & Environment,1,1,100.0
MACEWAN GLEN,Food & Beverage,3,4,75.0
MACEWAN GLEN,Other/Diversified,1,1,100.0
MACEWAN GLEN,Retail - General,2,3,66.67
MAHOGANY,Education & Instruction,4,4,100.0
MAHOGANY,Food & Beverage,50,64,78.12
MAHOGANY,Massage & Bodywork,3,4,75.0
MAHOGANY,Other/Diversified,5,5,100.0
MAHOGANY,Personal Services,1,1,100.0
MAHOGANY,Retail - General,18,21,85.71
MANCHESTER,Automotive Services,16,21,76.19
MANCHESTER,Construction & Trades,11,13,84.62
MANCHESTER,Education & Instruction,0,2,0.0
MANCHESTER,Financial Services,1,1,100.0
MANCHESTER,Fitness & Recreation,1,1,100.0
MANCHESTER,Food & Beverage,32,36,88.89
MANCHESTER,Massage & Bodywork,6,6,100.0
MANCHESTER,Other/Diversified,13,17,76.47
MANCHESTER,Personal Services,1,1,100.0
MANCHESTER,Retail - General,47,58,81.03
MANCHESTER,Security & Investigation,2,2,100.0
MANCHESTER,Wholesale Trade,6,7,85.71
MANCHESTER INDUSTRIAL,Automotive Services,35,41,85.37
MANCHESTER INDUSTRIAL,Cannabis & Liquor,1,2,50.0
MANCHESTER INDUSTRIAL,Construction & Trades,128,156,82.05
MANCHESTER INDUSTRIAL,Education & Instruction,12,14,85.71
MANCHESTER INDUSTRIAL,Entertainment & Arts,0,1,0.0
MANCHESTER INDUSTRIAL,Fitness & Recreation,8,10,80.0
MANCHESTER INDUSTRIAL,Food & Beverage,104,135,77.04
MANCHESTER INDUSTRIAL,Hospitality & Tourism,1,1,100.0
MANCHESTER INDUSTRIAL,Massage & Bodywork,9,10,90.0
MANCHESTER INDUSTRIAL,Other/Diversified,65,80,81.25
MANCHESTER INDUSTRIAL,Personal Services,4,8,50.0
MANCHESTER INDUSTRIAL,Professional Services,1,1,100.0
MANCHESTER INDUSTRIAL,Retail - General,234,290,80.69
MANCHESTER INDUSTRIAL,Security & Investigation,1,1,100.0
MANCHESTER INDUSTRIAL,Waste & Environment,6,7,85.71
MANCHESTER INDUSTRIAL,Wholesale Trade,57,70,81.43
MAPLE RIDGE,Construction & Trades,1,1,100.0
MAPLE RIDGE,Food & Beverage,1,1,100.0
MARLBOROUGH,Education & Instruction,1,1,100.0
MARLBOROUGH,Food & Beverage,52,58,89.66
MARLBOROUGH,Hospitality & Tourism,1,1,100.0
MARLBOROUGH,Massage & Bodywork,4,4,100.0
MARLBOROUGH,Other/Diversified,14,14,100.0
MARLBOROUGH,Personal Services,3,3,100.0
MARLBOROUGH,Retail - General,39,56,69.64
MARLBOROUGH,Waste & Environment,0,1,0.0
MARLBOROUGH PARK,Automotive Services,1,1,100.0
MARLBOROUGH PARK,Fitness & Recreation,1,1,100.0
MARLBOROUGH PARK,Food & Beverage,33,36,91.67
MARLBOROUGH PARK,Massage & Bodywork,1,2,50.0
MARLBOROUGH PARK,Other/Diversified,6,9,66.67
MARLBOROUGH PARK,Personal Services,1,2,50.0
MARLBOROUGH PARK,Retail - General,15,18,83.33
MARLBOROUGH PARK,Waste & Environment,1,1,100.0
MARTINDALE,Construction & Trades,1,1,100.0
MARTINDALE,Entertainment & Arts,1,1,100.0
MARTINDALE,Food & Beverage,7,10,70.0
MARTINDALE,Massage & Bodywork,1,1,100.0
MARTINDALE,Other/Diversified,1,1,100.0
MARTINDALE,Retail - General,2,2,100.0
MAYFAIR,Other/Diversified,0,1,0.0
MAYLAND,Automotive Services,0,1,0.0
MAYLAND,Construction & Trades,16,19,84.21
MAYLAND,Education & Instruction,1,1,100.0
MAYLAND,Fitness & Recreation,0,1,0.0
MAYLAND,Food & Beverage,7,9,77.78
MAYLAND,Other/Diversified,13,17,76.47
MAYLAND,Personal Services,1,1,100.0
MAYLAND,Retail - General,15,17,88.24
MAYLAND,Security & Investigation,0,1,0.0
MAYLAND,Waste & Environment,2,2,100.0
MAYLAND,Wholesale Trade,7,7,100.0
MAYLAND HEIGHTS,Automotive Services,1,1,100.0
MAYLAND HEIGHTS,Food & Beverage,8,11,72.73
MAYLAND HEIGHTS,Other/Diversified,3,4,75.0
MAYLAND HEIGHTS,Retail - General,7,12,58.33
MCCALL,Automotive Services,20,22,90.91
MCCALL,Cannabis & Liquor,2,3,66.67
MCCALL,Construction & Trades,96,117,82.05
MCCALL,Education & Instruction,4,4,100.0
MCCALL,Food & Beverage,35,44,79.55
MCCALL,Other/Diversified,44,48,91.67
MCCALL,Retail - General,79,91,86.81
MCCALL,Security & Investigation,1,2,50.0
MCCALL,Waste & Environment,3,5,60.0
MCCALL,Wholesale Trade,43,51,84.31
MCKENZIE LAKE,Food & Beverage,7,10,70.0
MCKENZIE LAKE,Other/Diversified,1,1,100.0
MCKENZIE LAKE,Retail - General,3,3,100.0
MCKENZIE TOWNE,Automotive Services,3,3,100.0
MCKENZIE TOWNE,Education & Instruction,2,2,100.0
MCKENZIE TOWNE,Food & Beverage,50,67,74.63
MCKENZIE TOWNE,Massage & Bodywork,3,3,100.0
MCKENZIE TOWNE,Other/Diversified,12,16,75.0
MCKENZIE TOWNE,Personal Services,0,1,0.0
MCKENZIE TOWNE,Retail - General,34,38,89.47
MCKENZIE TOWNE,Waste & Environment,1,2,50.0
MEADOWLARK PARK,Automotive Services,0,1,0.0
MEADOWLARK PARK,Cannabis & Liquor,1,1,100.0
MEADOWLARK PARK,Fitness & Recreation,1,1,100.0
MEADOWLARK PARK,Food & Beverage,43,56,76.79
MEADOWLARK PARK,Massage & Bodywork,1,2,50.0
MEADOWLARK PARK,Other/Diversified,1,2,50.0
MEADOWLARK PARK,Personal Services,0,1,0.0
MEADOWLARK PARK,Retail - General,124,144,86.11
MEADOWLARK PARK,Special Events,1,1,100.0
MEDICINE HILL,Education & Instruction,1,1,100.0
MEDICINE HILL,Food & Beverage,15,16,93.75
MEDICINE HILL,Massage & Bodywork,2,2,100.0
MEDICINE HILL,Retail - General,21,23,91.3
MERIDIAN,Automotive Services,17,19,89.47
MERIDIAN,Construction & Trades,38,45,84.44
MERIDIAN,Education & Instruction,1,1,100.0
MERIDIAN,Fitness & Recreation,1,1,100.0
MERIDIAN,Food & Beverage,27,42,64.29
MERIDIAN,Logistics & Transport,1,1,100.0
MERIDIAN,Massage & Bodywork,2,2,100.0
MERIDIAN,Other/Diversified,13,15,86.67
MERIDIAN,Retail - General,44,50,88.0
MERIDIAN,Waste & Environment,2,3,66.67
MERIDIAN,Wholesale Trade,14,14,100.0
MIDNAPORE,Automotive Services,5,5,100.0
MIDNAPORE,Construction & Trades,8,11,72.73
MIDNAPORE,Education & Instruction,3,4,75.0
MIDNAPORE,Food & Beverage,51,61,83.61
MIDNAPORE,Massage & Bodywork,13,13,100.0
MIDNAPORE,Other/Diversified,21,21,100.0
MIDNAPORE,Personal Services,3,4,75.0
MIDNAPORE,Retail - General,40,42,95.24
MIDNAPORE,Wholesale Trade,2,2,100.0
MILLRISE,Food & Beverage,11,13,84.62
MILLRISE,Massage & Bodywork,1,1,100.0
MILLRISE,Retail - General,4,6,66.67
MISSION,Construction & Trades,9,11,81.82
MISSION,Education & Instruction,1,1,100.0
MISSION,Fitness & Recreation,3,3,100.0
MISSION,Food & Beverage,35,44,79.55
MISSION,Massage & Bodywork,4,6,66.67
MISSION,Other/Diversified,12,14,85.71
MISSION,Personal Services,7,8,87.5
MISSION,Retail - General,62,74,83.78
MISSION,Waste & Environment,1,1,100.0
MISSION,Wholesale Trade,2,2,100.0
MONTEREY PARK,Automotive Services,1,1,100.0
MONTEREY PARK,Education & Instruction,1,1,100.0
MONTEREY PARK,Food & Beverage,14,14,100.0
MONTEREY PARK,Other/Diversified,5,6,83.33
MONTEREY PARK,Personal Services,1,1,100.0
MONTEREY PARK,Retail - General,6,6,100.0
MONTEREY PARK,Waste & Environment,1,1,100.0
MONTEREY PARK,Wholesale Trade,1,1,100.0
MONTGOMERY,Automotive Services,1,1,100.0
MONTGOMERY,Construction & Trades,1,2,50.0
MONTGOMERY,Education & Instruction,1,1,100.0
MONTGOMERY,Food & Beverage,35,40,87.5
MONTGOMERY,Hospitality & Tourism,4,5,80.0
MONTGOMERY,Massage & Bodywork,6,7,85.71
MONTGOMERY,Other/Diversified,7,10,70.0
MONTGOMERY,Retail - General,25,30,83.33
MONTGOMERY,Wholesale Trade,2,2,100.0
MOUNT PLEASANT,Automotive Services,2,3,66.67
MOUNT PLEASANT,Construction & Trades,4,4,100.0
MOUNT PLEASANT,Food & Beverage,23,27,85.19
MOUNT PLEASANT,Massage & Bodywork,2,2,100.0
MOUNT PLEASANT,Other/Diversified,5,6,83.33
MOUNT PLEASANT,Personal Services,1,2,50.0
MOUNT PLEASANT,Retail - General,21,26,80.77
MOUNT PLEASANT,Wholesale Trade,0,1,0.0
NEW BRIGHTON,Food & Beverage,1,2,50.0
NEW BRIGHTON,Retail - General,6,6,100.0
NOLAN HILL,Construction & Trades,6,6,100.0
NOLAN HILL,Education & Instruction,1,1,100.0
NOLAN HILL,Fitness & Recreation,1,1,100.0
NOLAN HILL,Food & Beverage,15,20,75.0
NOLAN HILL,Massage & Bodywork,1,1,100.0
NOLAN HILL,Other/Diversified,2,4,50.0
NOLAN HILL,Retail - General,12,20,60.0
NORTH AIRWAYS,Automotive Services,5,9,55.56
NORTH AIRWAYS,Cannabis & Liquor,2,2,100.0
NORTH AIRWAYS,Construction & Trades,47,57,82.46
NORTH AIRWAYS,Education & Instruction,1,1,100.0
NORTH AIRWAYS,Entertainment & Arts,1,1,100.0
NORTH AIRWAYS,Financial Services,1,1,100.0
NORTH AIRWAYS,Fitness & Recreation,1,1,100.0
NORTH AIRWAYS,Food & Beverage,35,39,89.74
NORTH AIRWAYS,Massage & Bodywork,4,4,100.0
NORTH AIRWAYS,Other/Diversified,29,33,87.88
NORTH AIRWAYS,Retail - General,59,67,88.06
NORTH AIRWAYS,Waste & Environment,2,2,100.0
NORTH AIRWAYS,Wholesale Trade,29,30,96.67
NORTH GLENMORE PARK,Education & Instruction,1,1,100.0
NORTH GLENMORE PARK,Food & Beverage,7,8,87.5
NORTH GLENMORE PARK,Retail - General,5,7,71.43
NORTH HAVEN,Food & Beverage,4,4,100.0
NORTH HAVEN,Other/Diversified,3,3,100.0
NORTH HAVEN,Retail - General,4,5,80.0
NOSE HILL PARK,Food & Beverage,1,1,100.0
NOSE HILL PARK,Massage & Bodywork,1,1,100.0
OAKRIDGE,Automotive Services,2,2,100.0
OAKRIDGE,Food & Beverage,16,27,59.26
OAKRIDGE,Massage & Bodywork,2,3,66.67
OAKRIDGE,Other/Diversified,3,3,100.0
OAKRIDGE,Retail - General,13,14,92.86
OAKRIDGE,Waste & Environment,0,1,0.0
OGDEN,Automotive Services,0,1,0.0
OGDEN,Construction & Trades,1,1,100.0
OGDEN,Fitness & Recreation,0,1,0.0
OGDEN,Food & Beverage,38,43,88.37
OGDEN,Massage & Bodywork,1,1,100.0
OGDEN,Other/Diversified,4,7,57.14
OGDEN,Personal Services,0,1,0.0
OGDEN,Retail - General,14,15,93.33
OGDEN,Special Events,0,1,0.0
OGDEN,Waste & Environment,1,1,100.0
OGDEN SHOPS,Automotive Services,1,2,50.0
OGDEN SHOPS,Construction & Trades,2,2,100.0
OGDEN SHOPS,Other/Diversified,6,7,85.71
OGDEN SHOPS,Wholesale Trade,2,2,100.0
PALLISER,Food & Beverage,1,1,100.0
PALLISER,Massage & Bodywork,1,1,100.0
PALLISER,Other/Diversified,2,2,100.0
PALLISER,Retail - General,9,9,100.0
PANORAMA HILLS,Food & Beverage,12,14,85.71
PANORAMA HILLS,Massage & Bodywork,1,1,100.0
PANORAMA HILLS,Other/Diversified,1,1,100.0
PANORAMA HILLS,Retail - General,4,6,66.67
PARKDALE,Automotive Services,0,1,0.0
PARKDALE,Education & Instruction,1,1,100.0
PARKDALE,Food & Beverage,9,11,81.82
PARKDALE,Massage & Bodywork,1,2,50.0
PARKDALE,Other/Diversified,5,5,100.0
PARKDALE,Personal Services,1,1,100.0
PARKDALE,Retail - General,6,7,85.71
PARKDALE,Wholesale Trade,0,1,0.0
PARKHILL,Automotive Services,1,1,100.0
PARKHILL,Food & Beverage,17,18,94.44
PARKHILL,Massage & Bodywork,2,2,100.0
PARKHILL,Other/Diversified,0,1,0.0
PARKHILL,Personal Services,0,1,0.0
PARKHILL,Retail - General,15,17,88.24
PARKLAND,Food & Beverage,1,1,100.0
PATTERSON,Education & Instruction,1,1,100.0
PATTERSON,Food & Beverage,7,7,100.0
PATTERSON,Other/Diversified,2,2,100.0
PATTERSON,Retail - General,5,7,71.43
PEGASUS,Automotive Services,5,7,71.43
PEGASUS,Construction & Trades,12,13,92.31
PEGASUS,Food & Beverage,5,7,71.43
PEGASUS,Other/Diversified,4,5,80.0
PEGASUS,Retail - General,6,8,75.0
PEGASUS,Waste & Environment,1,1,100.0
PEGASUS,Wholesale Trade,4,4,100.0
PENBROOKE MEADOWS,Automotive Services,2,2,100.0
PENBROOKE MEADOWS,Food & Beverage,5,7,71.43
PENBROOKE MEADOWS,Other/Diversified,1,2,50.0
PENBROOKE MEADOWS,Retail - General,2,2,100.0
PINE CREEK,Fitness & Recreation,1,1,100.0
PINE CREEK,Food & Beverage,0,2,0.0
PINE CREEK,Other/Diversified,1,1,100.0
PINE CREEK,Retail - General,1,1,100.0
PINERIDGE,Automotive Services,1,1,100.0
PINERIDGE,Fitness & Recreation,0,1,0.0
PINERIDGE,Food & Beverage,31,34,91.18
PINERIDGE,Massage & Bodywork,2,3,66.67
PINERIDGE,Other/Diversified,3,3,100.0
PINERIDGE,Personal Services,0,1,0.0
PINERIDGE,Retail - General,13,16,81.25
POINT MCKAY,Food & Beverage,2,2,100.0
POINT MCKAY,Other/Diversified,1,2,50.0
POINT MCKAY,Retail - General,1,2,50.0
PUMP HILL,Food & Beverage,3,3,100.0
PUMP HILL,Other/Diversified,1,1,100.0
PUMP HILL,Retail - General,1,1,100.0
QUEENSLAND,Construction & Trades,0,1,0.0
QUEENSLAND,Food & Beverage,1,3,33.33
QUEENSLAND,Other/Diversified,4,4,100.0
QUEENSLAND,Retail - General,2,3,66.67
RAMSAY,Construction & Trades,3,3,100.0
RAMSAY,Food & Beverage,10,14,71.43
RAMSAY,Other/Diversified,3,4,75.0
RAMSAY,Retail - General,14,18,77.78
RAMSAY,Wholesale Trade,1,1,100.0
RANCHLANDS,Automotive Services,1,1,100.0
RANCHLANDS,Fitness & Recreation,1,2,50.0
RANCHLANDS,Food & Beverage,17,19,89.47
RANCHLANDS,Other/Diversified,2,3,66.67
RANCHLANDS,Retail - General,8,9,88.89
RANCHLANDS,Waste & Environment,1,1,100.0
RED CARPET,Food & Beverage,3,4,75.0
RED CARPET,Other/Diversified,1,1,100.0
RED CARPET,Retail - General,1,2,50.0
REDSTONE,Construction & Trades,1,1,100.0
REDSTONE,Education & Instruction,1,1,100.0
REDSTONE,Food & Beverage,11,15,73.33
REDSTONE,Hospitality & Tourism,1,1,100.0
REDSTONE,Massage & Bodywork,2,2,100.0
REDSTONE,Other/Diversified,2,2,100.0
REDSTONE,Retail - General,4,4,100.0
RENFREW,Cannabis & Liquor,1,1,100.0
RENFREW,Construction & Trades,1,1,100.0
RENFREW,Education & Instruction,1,2,50.0
RENFREW,Entertainment & Arts,1,1,100.0
RENFREW,Food & Beverage,18,23,78.26
RENFREW,Massage & Bodywork,3,3,100.0
RENFREW,Other/Diversified,5,8,62.5
RENFREW,Personal Services,3,3,100.0
RENFREW,Retail - General,27,28,96.43
RENFREW,Wholesale Trade,0,1,0.0
RESIDUAL WARD 1 - (SUB AREA 1B),Food & Beverage,2,2,100.0
RESIDUAL WARD 1 - CALGARY WEST,Education & Instruction,1,1,100.0
RESIDUAL WARD 1 - CALGARY WEST,Food & Beverage,1,1,100.0
RESIDUAL WARD 1 - CALGARY WEST,Retail - General,1,1,100.0
RESIDUAL WARD 1 - SUB AREA 1K,Food & Beverage,2,2,100.0
RESIDUAL WARD 1 - SUB AREA 1K,Retail - General,1,1,100.0
RESIDUAL WARD 10 - SUB AREA 10E,Automotive Services,1,2,50.0
RESIDUAL WARD 10 - SUB AREA 10E,Construction & Trades,3,4,75.0
RESIDUAL WARD 10 - SUB AREA 10E,Food & Beverage,1,1,100.0
RESIDUAL WARD 10 - SUB AREA 10E,Other/Diversified,2,3,66.67
RESIDUAL WARD 10 - SUB AREA 10E,Retail - General,1,1,100.0
RESIDUAL WARD 12 - SUB AREA 12A,Automotive Services,16,19,84.21
RESIDUAL WARD 12 - SUB AREA 12A,Construction & Trades,38,47,80.85
RESIDUAL WARD 12 - SUB AREA 12A,Education & Instruction,1,2,50.0
RESIDUAL WARD 12 - SUB AREA 12A,Food & Beverage,1,1,100.0
RESIDUAL WARD 12 - SUB AREA 12A,Other/Diversified,23,27,85.19
RESIDUAL WARD 12 - SUB AREA 12A,Retail - General,8,12,66.67
RESIDUAL WARD 12 - SUB AREA 12A,Wholesale Trade,11,13,84.62
RESIDUAL WARD 12 - SUB AREA 12J,Other/Diversified,4,4,100.0
RESIDUAL WARD 12 - SUB AREA 12L,Other/Diversified,2,3,66.67
RESIDUAL WARD 12- SUB AREA 12K,Education & Instruction,1,1,100.0
RESIDUAL WARD 13 - SUB AREA 13F,Other/Diversified,0,1,0.0
RESIDUAL WARD 13 - SUB AREA 13G,Construction & Trades,1,1,100.0
RESIDUAL WARD 13 - SUB AREA 13G,Other/Diversified,1,1,100.0
RESIDUAL WARD 13 - SUB AREA 13M,Other/Diversified,2,2,100.0
RESIDUAL WARD 2 - SUB AREA 2B,Other/Diversified,0,1,0.0
RESIDUAL WARD 2 - SUB AREA 2C,Education & Instruction,0,1,0.0
RESIDUAL WARD 2 - SUB AREA 2C,Food & Beverage,6,6,100.0
RESIDUAL WARD 2 - SUB AREA 2C,Other/Diversified,4,4,100.0
RESIDUAL WARD 2 - SUB AREA 2C,Retail - General,11,11,100.0
RESIDUAL WARD 2 - SUB AREA 2E,Other/Diversified,1,1,100.0
RESIDUAL WARD 2 - SUB AREA 2F,Food & Beverage,3,3,100.0
RESIDUAL WARD 2 - SUB AREA 2F,Other/Diversified,3,3,100.0
RESIDUAL WARD 2 - SUB AREA 2F,Retail - General,6,9,66.67
RESIDUAL WARD 3 - SUB AREA 03W,Retail - General,1,1,100.0
RESIDUAL WARD 5 - SUB AREA 5D,Automotive Services,1,1,100.0
RESIDUAL WARD 5 - SUB AREA 5D,Construction & Trades,0,1,0.0
RESIDUAL WARD 5 - SUB AREA 5D,Other/Diversified,1,1,100.0
RESIDUAL WARD 5 - SUB AREA 5D,Wholesale Trade,1,1,100.0
RESIDUAL WARD 6,Other/Diversified,1,1,100.0
RESIDUAL WARD 6,Retail - General,3,3,100.0
RESIDUAL WARD 9 - SUB AREA 9P,Construction & Trades,0,1,0.0
RICHMOND,Construction & Trades,1,1,100.0
RICHMOND,Education & Instruction,1,1,100.0
RICHMOND,Fitness & Recreation,1,1,100.0
RICHMOND,Food & Beverage,12,15,80.0
RICHMOND,Massage & Bodywork,0,1,0.0
RICHMOND,Other/Diversified,5,5,100.0
RICHMOND,Retail - General,24,27,88.89
RICHMOND,Waste & Environment,2,2,100.0
RIDEAU PARK,Food & Beverage,1,1,100.0
RIDEAU PARK,Personal Services,1,1,100.0
RIVERBEND,Automotive Services,1,1,100.0
RIVERBEND,Construction & Trades,2,3,66.67
RIVERBEND,Education & Instruction,1,1,100.0
RIVERBEND,Food & Beverage,18,21,85.71
RIVERBEND,Other/Diversified,3,4,75.0
RIVERBEND,Retail - General,10,11,90.91
RIVERBEND,Wholesale Trade,4,4,100.0
ROCKY RIDGE,Construction & Trades,1,2,50.0
ROCKY RIDGE,Food & Beverage,5,7,71.43
ROCKY RIDGE,Other/Diversified,2,2,100.0
ROCKY RIDGE,Retail - General,2,2,100.0
ROSEDALE,Other/Diversified,1,1,100.0
ROSEDALE,Retail - General,3,3,100.0
ROSEMONT,Food & Beverage,8,9,88.89
ROSEMONT,Massage & Bodywork,2,2,100.0
ROSEMONT,Other/Diversified,2,3,66.67
ROSEMONT,Retail - General,8,9,88.89
ROSEMONT,Waste & Environment,1,1,100.0
ROSSCARROCK,Automotive Services,1,1,100.0
ROSSCARROCK,Fitness & Recreation,1,1,100.0
ROSSCARROCK,Food & Beverage,25,28,89.29
ROSSCARROCK,Massage & Bodywork,2,2,100.0
ROSSCARROCK,Other/Diversified,6,6,100.0
ROSSCARROCK,Retail - General,40,52,76.92
ROSSCARROCK,Waste & Environment,0,1,0.0
ROYAL OAK,Education & Instruction,1,1,100.0
ROYAL OAK,Food & Beverage,5,5,100.0
ROYAL OAK,Hospitality & Tourism,1,1,100.0
ROYAL OAK,Massage & Bodywork,1,1,100.0
ROYAL OAK,Other/Diversified,1,1,100.0
ROYAL OAK,Retail - General,1,3,33.33
ROYAL VISTA,Automotive Services,1,1,100.0
ROYAL VISTA,Cannabis & Liquor,0,1,0.0
ROYAL VISTA,Construction & Trades,6,8,75.0
ROYAL VISTA,Education & Instruction,5,5,100.0
ROYAL VISTA,Fitness & Recreation,1,2,50.0
ROYAL VISTA,Food & Beverage,53,71,74.65
ROYAL VISTA,Massage & Bodywork,7,12,58.33
ROYAL VISTA,Other/Diversified,11,13,84.62
ROYAL VISTA,Personal Services,2,2,100.0
ROYAL VISTA,Retail - General,41,50,82.0
ROYAL VISTA,Security & Investigation,1,1,100.0
ROYAL VISTA,Wholesale Trade,2,3,66.67
RUNDLE,Food & Beverage,15,19,78.95
RUNDLE,Massage & Bodywork,1,2,50.0
RUNDLE,Other/Diversified,4,4,100.0
RUNDLE,Retail - General,7,8,87.5
RUNDLE,Waste & Environment,1,1,100.0
RUTLAND PARK,Food & Beverage,12,17,70.59
RUTLAND PARK,Other/Diversified,1,2,50.0
RUTLAND PARK,Retail - General,4,4,100.0
SADDLE RIDGE,Construction & Trades,3,4,75.0
SADDLE RIDGE,Education & Instruction,5,5,100.0
SADDLE RIDGE,Fitness & Recreation,2,2,100.0
SADDLE RIDGE,Food & Beverage,59,65,90.77
SADDLE RIDGE,Massage & Bodywork,7,7,100.0
SADDLE RIDGE,Other/Diversified,6,7,85.71
SADDLE RIDGE,Personal Services,0,1,0.0
SADDLE RIDGE,Retail - General,13,20,65.0
SADDLE RIDGE INDUSTRIAL,Automotive Services,8,10,80.0
SADDLE RIDGE INDUSTRIAL,Construction & Trades,8,9,88.89
SADDLE RIDGE INDUSTRIAL,Education & Instruction,1,2,50.0
SADDLE RIDGE INDUSTRIAL,Food & Beverage,5,6,83.33
SADDLE RIDGE INDUSTRIAL,Hospitality & Tourism,1,1,100.0
SADDLE RIDGE INDUSTRIAL,Other/Diversified,2,3,66.67
SADDLE RIDGE INDUSTRIAL,Personal Services,0,1,0.0
SADDLE RIDGE INDUSTRIAL,Retail - General,1,3,33.33
SADDLE RIDGE INDUSTRIAL,Wholesale Trade,2,2,100.0
SAGE HILL,Construction & Trades,1,1,100.0
SAGE HILL,Education & Instruction,2,2,100.0
SAGE HILL,Entertainment & Arts,1,1,100.0
SAGE HILL,Fitness & Recreation,0,1,0.0
SAGE HILL,Food & Beverage,53,65,81.54
SAGE HILL,Massage & Bodywork,4,4,100.0
SAGE HILL,Other/Diversified,9,9,100.0
SAGE HILL,Personal Services,3,3,100.0
SAGE HILL,Retail - General,29,31,93.55
SANDSTONE VALLEY,Food & Beverage,5,5,100.0
SANDSTONE VALLEY,Other/Diversified,1,1,100.0
SANDSTONE VALLEY,Personal Services,1,1,100.0
SANDSTONE VALLEY,Retail - General,1,1,100.0
SCARBORO/SUNALTA WEST,Automotive Services,2,2,100.0
SCARBORO/SUNALTA WEST,Construction & Trades,1,1,100.0
SCARBORO/SUNALTA WEST,Retail - General,1,1,100.0
SCARBORO/SUNALTA WEST,Wholesale Trade,1,1,100.0
SCENIC ACRES,Food & Beverage,5,5,100.0
SCENIC ACRES,Massage & Bodywork,1,1,100.0
SCENIC ACRES,Other/Diversified,2,2,100.0
SECTION 23,Automotive Services,6,6,100.0
SECTION 23,Construction & Trades,9,10,90.0
SECTION 23,Food & Beverage,4,4,100.0
SECTION 23,Other/Diversified,12,12,100.0
SECTION 23,Retail - General,6,6,100.0
SECTION 23,Wholesale Trade,7,12,58.33
SETON,Automotive Services,1,1,100.0
SETON,Cannabis & Liquor,1,1,100.0
SETON,Education & Instruction,3,4,75.0
SETON,Food & Beverage,50,56,89.29
SETON,Massage & Bodywork,6,8,75.0
SETON,Other/Diversified,2,5,40.0
SETON,Retail - General,30,36,83.33
SHAGANAPPI,Food & Beverage,6,8,75.0
SHAGANAPPI,Other/Diversified,1,1,100.0
SHAGANAPPI,Retail - General,8,10,80.0
SHAWNEE SLOPES,Automotive Services,1,2,50.0
SHAWNEE SLOPES,Education & Instruction,0,1,0.0
SHAWNEE SLOPES,Food & Beverage,6,7,85.71
SHAWNEE SLOPES,Massage & Bodywork,1,1,100.0
SHAWNEE SLOPES,Other/Diversified,3,3,100.0
SHAWNEE SLOPES,Retail - General,3,5,60.0
SHAWNESSY,Automotive Services,1,1,100.0
SHAWNESSY,Education & Instruction,1,1,100.0
SHAWNESSY,Food & Beverage,73,92,79.35
SHAWNESSY,Hospitality & Tourism,2,2,100.0
SHAWNESSY,Massage & Bodywork,4,6,66.67
SHAWNESSY,Other/Diversified,10,10,100.0
SHAWNESSY,Personal Services,0,1,0.0
SHAWNESSY,Retail - General,36,45,80.0
SHAWNESSY,Waste & Environment,2,2,100.0
SHEPARD INDUSTRIAL,Automotive Services,9,11,81.82
SHEPARD INDUSTRIAL,Construction & Trades,32,39,82.05
SHEPARD INDUSTRIAL,Education & Instruction,2,3,66.67
SHEPARD INDUSTRIAL,Fitness & Recreation,1,1,100.0
SHEPARD INDUSTRIAL,Food & Beverage,27,33,81.82
SHEPARD INDUSTRIAL,Massage & Bodywork,5,6,83.33
SHEPARD INDUSTRIAL,Other/Diversified,16,22,72.73
SHEPARD INDUSTRIAL,Personal Services,2,2,100.0
SHEPARD INDUSTRIAL,Retail - General,46,57,80.7
SHEPARD INDUSTRIAL,Waste & Environment,1,1,100.0
SHEPARD INDUSTRIAL,Wholesale Trade,18,22,81.82
SHERWOOD,Education & Instruction,3,3,100.0
SHERWOOD,Entertainment & Arts,1,1,100.0
SHERWOOD,Fitness & Recreation,2,2,100.0
SHERWOOD,Food & Beverage,32,36,88.89
SHERWOOD,Massage & Bodywork,1,1,100.0
SHERWOOD,Other/Diversified,2,2,100.0
SHERWOOD,Retail - General,20,31,64.52
SIGNAL HILL,Construction & Trades,1,2,50.0
SIGNAL HILL,Food & Beverage,53,69,76.81
SIGNAL HILL,Massage & Bodywork,3,4,75.0
SIGNAL HILL,Other/Diversified,8,14,57.14
SIGNAL HILL,Retail - General,38,47,80.85
SIGNAL HILL,Waste & Environment,1,3,33.33
SILVER SPRINGS,Automotive Services,1,1,100.0
SILVER SPRINGS,Education & Instruction,3,3,100.0
SILVER SPRINGS,Food & Beverage,12,14,85.71
SILVER SPRINGS,Hospitality & Tourism,0,1,0.0
SILVER SPRINGS,Massage & Bodywork,2,2,100.0
SILVER SPRINGS,Other/Diversified,3,3,100.0
SILVER SPRINGS,Retail - General,4,6,66.67
SILVERADO,Entertainment & Arts,1,1,100.0
SILVERADO,Fitness & Recreation,1,1,100.0
SILVERADO,Food & Beverage,13,14,92.86
SILVERADO,Other/Diversified,2,2,100.0
SILVERADO,Personal Services,1,1,100.0
SILVERADO,Retail - General,5,7,71.43
SKYLINE EAST,Automotive Services,0,1,0.0
SKYLINE EAST,Cannabis & Liquor,1,1,100.0
SKYLINE EAST,Construction & Trades,18,21,85.71
SKYLINE EAST,Education & Instruction,1,2,50.0
SKYLINE EAST,Fitness & Recreation,1,1,100.0
SKYLINE EAST,Food & Beverage,10,11,90.91
SKYLINE EAST,Other/Diversified,10,12,83.33
SKYLINE EAST,Retail - General,11,16,68.75
SKYLINE EAST,Waste & Environment,1,1,100.0
SKYLINE EAST,Wholesale Trade,8,13,61.54
SKYLINE WEST,Automotive Services,0,1,0.0
SKYLINE WEST,Construction & Trades,23,28,82.14
SKYLINE WEST,Food & Beverage,11,14,78.57
SKYLINE WEST,Other/Diversified,15,18,83.33
SKYLINE WEST,Retail - General,13,18,72.22
SKYLINE WEST,Waste & Environment,2,2,100.0
SKYLINE WEST,Wholesale Trade,3,3,100.0
SKYVIEW RANCH,Construction & Trades,1,1,100.0
SKYVIEW RANCH,Fitness & Recreation,1,1,100.0
SKYVIEW RANCH,Food & Beverage,19,24,79.17
SKYVIEW RANCH,Massage & Bodywork,3,4,75.0
SKYVIEW RANCH,Other/Diversified,5,5,100.0
SKYVIEW RANCH,Retail - General,11,14,78.57
SOMERSET,Food & Beverage,7,7,100.0
SOMERSET,Retail - General,1,2,50.0
SOUTH AIRWAYS,Automotive Services,20,26,76.92
SOUTH AIRWAYS,Construction & Trades,79,95,83.16
SOUTH AIRWAYS,Education & Instruction,15,17,88.24
SOUTH AIRWAYS,Entertainment & Arts,0,1,0.0
SOUTH AIRWAYS,Fitness & Recreation,1,2,50.0
SOUTH AIRWAYS,Food & Beverage,67,82,81.71
SOUTH AIRWAYS,Massage & Bodywork,6,7,85.71
SOUTH AIRWAYS,Other/Diversified,44,56,78.57
SOUTH AIRWAYS,Personal Services,1,1,100.0
SOUTH AIRWAYS,Professional Services,2,2,100.0
SOUTH AIRWAYS,Retail - General,118,146,80.82
SOUTH AIRWAYS,Security & Investigation,2,2,100.0
SOUTH AIRWAYS,Waste & Environment,9,9,100.0
SOUTH AIRWAYS,Wholesale Trade,36,50,72.0
SOUTH CALGARY,Automotive Services,2,2,100.0
SOUTH CALGARY,Construction & Trades,4,6,66.67
SOUTH CALGARY,Education & Instruction,3,3,100.0
SOUTH CALGARY,Food & Beverage,52,65,80.0
SOUTH CALGARY,Massage & Bodywork,4,5,80.0
SOUTH CALGARY,Other/Diversified,24,27,88.89
SOUTH CALGARY,Personal Services,8,11,72.73
SOUTH CALGARY,Retail - General,62,78,79.49
SOUTH CALGARY,Special Events,0,1,0.0
SOUTH FOOTHILLS,Automotive Services,21,22,95.45
SOUTH FOOTHILLS,Construction & Trades,23,31,74.19
SOUTH FOOTHILLS,Education & Instruction,3,3,100.0
SOUTH FOOTHILLS,Food & Beverage,2,3,66.67
SOUTH FOOTHILLS,Other/Diversified,16,20,80.0
SOUTH FOOTHILLS,Professional Services,1,1,100.0
SOUTH FOOTHILLS,Retail - General,17,22,77.27
SOUTH FOOTHILLS,Security & Investigation,0,1,0.0
SOUTH FOOTHILLS,Wholesale Trade,17,20,85.0
SOUTHVIEW,Automotive Services,2,2,100.0
SOUTHVIEW,Construction & Trades,1,1,100.0
SOUTHVIEW,Entertainment & Arts,1,1,100.0
SOUTHVIEW,Financial Services,1,1,100.0
SOUTHVIEW,Fitness & Recreation,1,1,100.0
SOUTHVIEW,Food & Beverage,45,51,88.24
SOUTHVIEW,Other/Diversified,7,9,77.78
SOUTHVIEW,Retail - General,17,25,68.0
SOUTHVIEW,Waste & Environment,1,1,100.0
SOUTHWOOD,Automotive Services,2,3,66.67
SOUTHWOOD,Construction & Trades,3,3,100.0
SOUTHWOOD,Education & Instruction,1,2,50.0
SOUTHWOOD,Food & Beverage,28,33,84.85
SOUTHWOOD,Massage & Bodywork,3,3,100.0
SOUTHWOOD,Other/Diversified,9,9,100.0
SOUTHWOOD,Personal Services,0,1,0.0
SOUTHWOOD,Retail - General,18,19,94.74
SOUTHWOOD,Security & Investigation,1,1,100.0
SOUTHWOOD,Wholesale Trade,2,2,100.0
SPRINGBANK HILL,Construction & Trades,5,5,100.0
SPRINGBANK HILL,Education & Instruction,3,3,100.0
SPRINGBANK HILL,Food & Beverage,11,15,73.33
SPRINGBANK HILL,Massage & Bodywork,2,3,66.67
SPRINGBANK HILL,Other/Diversified,2,2,100.0
SPRINGBANK HILL,Retail - General,5,6,83.33
SPRUCE CLIFF,Automotive Services,1,1,100.0
SPRUCE CLIFF,Construction & Trades,1,1,100.0
SPRUCE CLIFF,Food & Beverage,6,9,66.67
SPRUCE CLIFF,Massage & Bodywork,1,1,100.0
SPRUCE CLIFF,Other/Diversified,2,3,66.67
SPRUCE CLIFF,Retail - General,32,33,96.97
ST. ANDREWS HEIGHTS,Food & Beverage,7,8,87.5
ST. ANDREWS HEIGHTS,Massage & Bodywork,2,2,100.0
ST. ANDREWS HEIGHTS,Personal Services,1,1,100.0
ST. ANDREWS HEIGHTS,Retail - General,1,1,100.0
STARFIELD,Automotive Services,4,5,80.0
STARFIELD,Construction & Trades,9,12,75.0
STARFIELD,Education & Instruction,3,3,100.0
STARFIELD,Food & Beverage,12,14,85.71
STARFIELD,Other/Diversified,17,18,94.44
STARFIELD,Retail - General,18,18,100.0
STARFIELD,Wholesale Trade,14,19,73.68
STARFIELD EAST,Automotive Services,0,1,0.0
STARFIELD EAST,Construction & Trades,1,1,100.0
STARFIELD EAST,Retail - General,0,1,0.0
STONEGATE LANDING,Automotive Services,2,2,100.0
STONEGATE LANDING,Cannabis & Liquor,1,1,100.0
STONEGATE LANDING,Construction & Trades,4,5,80.0
STONEGATE LANDING,Education & Instruction,2,2,100.0
STONEGATE LANDING,Fitness & Recreation,2,2,100.0
STONEGATE LANDING,Food & Beverage,14,20,70.0
STONEGATE LANDING,Other/Diversified,2,4,50.0
STONEGATE LANDING,Retail - General,12,15,80.0
STONEGATE LANDING,Wholesale Trade,8,11,72.73
STONEY 1,Automotive Services,1,2,50.0
STONEY 1,Construction & Trades,5,5,100.0
STONEY 1,Fitness & Recreation,1,1,100.0
STONEY 1,Food & Beverage,15,20,75.0
STONEY 1,Other/Diversified,8,11,72.73
STONEY 1,Personal Services,1,1,100.0
STONEY 1,Retail - General,8,9,88.89
STONEY 1,Wholesale Trade,11,12,91.67
STONEY 2,Automotive Services,2,2,100.0
STONEY 2,Construction & Trades,10,11,90.91
STONEY 2,Entertainment & Arts,1,1,100.0
STONEY 2,Food & Beverage,18,26,69.23
STONEY 2,Other/Diversified,12,13,92.31
STONEY 2,Retail - General,10,15,66.67
STONEY 2,Waste & Environment,1,1,100.0
STONEY 2,Wholesale Trade,26,29,89.66
STONEY 3,Automotive Services,19,20,95.0
STONEY 3,Construction & Trades,41,45,91.11
STONEY 3,Education & Instruction,7,7,100.0
STONEY 3,Food & Beverage,58,78,74.36
STONEY 3,Massage & Bodywork,6,6,100.0
STONEY 3,Other/Diversified,5,6,83.33
STONEY 3,Personal Services,1,2,50.0
STONEY 3,Professional Services,0,1,0.0
STONEY 3,Retail - General,62,82,75.61
STONEY 3,Waste & Environment,3,3,100.0
STONEY 4,Other/Diversified,3,3,100.0
STRATHCONA PARK,Food & Beverage,4,8,50.0
STRATHCONA PARK,Massage & Bodywork,1,1,100.0
STRATHCONA PARK,Other/Diversified,1,2,50.0
STRATHCONA PARK,Personal Services,1,2,50.0
STRATHCONA PARK,Retail - General,10,11,90.91
STRATHCONA PARK,Waste & Environment,1,1,100.0
SUNALTA,Construction & Trades,3,6,50.0
SUNALTA,Education & Instruction,1,1,100.0
SUNALTA,Entertainment & Arts,0,1,0.0
SUNALTA,Fitness & Recreation,1,1,100.0
SUNALTA,Food & Beverage,22,27,81.48
SUNALTA,Hospitality & Tourism,5,5,100.0
SUNALTA,Massage & Bodywork,1,2,50.0
SUNALTA,Other/Diversified,20,22,90.91
SUNALTA,Personal Services,2,2,100.0
SUNALTA,Retail - General,56,70,80.0
SUNALTA,Wholesale Trade,3,3,100.0
SUNDANCE,Automotive Services,0,1,0.0
SUNDANCE,Construction & Trades,1,1,100.0
SUNDANCE,Education & Instruction,0,1,0.0
SUNDANCE,Food & Beverage,17,20,85.0
SUNDANCE,Massage & Bodywork,2,4,50.0
SUNDANCE,Other/Diversified,11,20,55.0
SUNDANCE,Personal Services,1,1,100.0
SUNDANCE,Retail - General,8,11,72.73
SUNDANCE,Wholesale Trade,1,1,100.0
SUNNYSIDE,Construction & Trades,1,1,100.0
SUNNYSIDE,Education & Instruction,1,1,100.0
SUNNYSIDE,Food & Beverage,25,27,92.59
SUNNYSIDE,Massage & Bodywork,1,1,100.0
SUNNYSIDE,Other/Diversified,5,6,83.33
SUNNYSIDE,Personal Services,5,6,83.33
SUNNYSIDE,Retail - General,50,56,89.29
SUNRIDGE,Automotive Services,3,3,100.0
SUNRIDGE,Construction & Trades,9,10,90.0
SUNRIDGE,Education & Instruction,1,1,100.0
SUNRIDGE,Entertainment & Arts,1,1,100.0
SUNRIDGE,Fitness & Recreation,1,1,100.0
SUNRIDGE,Food & Beverage,121,145,83.45
SUNRIDGE,Hospitality & Tourism,1,2,50.0
SUNRIDGE,Massage & Bodywork,12,15,80.0
SUNRIDGE,Other/Diversified,15,21,71.43
SUNRIDGE,Personal Services,2,2,100.0
SUNRIDGE,Retail - General,149,169,88.17
SUNRIDGE,Special Events,1,1,100.0
SUNRIDGE,Waste & Environment,3,3,100.0
SUNRIDGE,Wholesale Trade,8,11,72.73
TARADALE,Construction & Trades,2,2,100.0
TARADALE,Education & Instruction,1,1,100.0
TARADALE,Fitness & Recreation,0,1,0.0
TARADALE,Food & Beverage,12,18,66.67
TARADALE,Massage & Bodywork,2,2,100.0
TARADALE,Other/Diversified,1,1,100.0
TARADALE,Retail - General,6,8,75.0
TARADALE,Waste & Environment,1,1,100.0
TEMPLE,Food & Beverage,25,28,89.29
TEMPLE,Massage & Bodywork,1,4,25.0
TEMPLE,Other/Diversified,2,6,33.33
TEMPLE,Retail - General,8,11,72.73
TEMPLE,Waste & Environment,2,2,100.0
THORNCLIFFE,Automotive Services,1,1,100.0
THORNCLIFFE,Food & Beverage,27,29,93.1
THORNCLIFFE,Massage & Bodywork,3,5,60.0
THORNCLIFFE,Other/Diversified,6,7,85.71
THORNCLIFFE,Personal Services,4,4,100.0
THORNCLIFFE,Retail - General,17,18,94.44
TUSCANY,Food & Beverage,13,14,92.86
TUSCANY,Massage & Bodywork,0,1,0.0
TUSCANY,Retail - General,0,1,0.0
TUXEDO PARK,Automotive Services,0,1,0.0
TUXEDO PARK,Education & Instruction,3,3,100.0
TUXEDO PARK,Food & Beverage,43,50,86.0
TUXEDO PARK,Massage & Bodywork,16,18,88.89
TUXEDO PARK,Other/Diversified,11,15,73.33
TUXEDO PARK,Personal Services,6,9,66.67
TUXEDO PARK,Retail - General,47,58,81.03
TUXEDO PARK,Waste & Environment,1,2,50.0
TWINHILLS,Retail - General,0,1,0.0
UNIVERSITY DISTRICT,Food & Beverage,26,29,89.66
UNIVERSITY DISTRICT,Other/Diversified,1,1,100.0
UNIVERSITY DISTRICT,Retail - General,11,14,78.57
UNIVERSITY HEIGHTS,Food & Beverage,37,41,90.24
UNIVERSITY HEIGHTS,Other/Diversified,1,1,100.0
UNIVERSITY HEIGHTS,Retail - General,24,26,92.31
UNIVERSITY OF CALGARY,Food & Beverage,5,6,83.33
UNIVERSITY OF CALGARY,Massage & Bodywork,0,1,0.0
UNIVERSITY OF CALGARY,Other/Diversified,2,3,66.67
UNIVERSITY OF CALGARY,Retail - General,2,2,100.0
UPPER MOUNT ROYAL,Retail - General,7,7,100.0
VALLEY RIDGE,Food & Beverage,5,5,100.0
VALLEY RIDGE,Other/Diversified,1,2,50.0
VALLEY RIDGE,Retail - General,1,3,33.33
VALLEYFIELD,Automotive Services,4,5,80.0
VALLEYFIELD,Construction & Trades,10,10,100.0
VALLEYFIELD,Education & Instruction,1,1,100.0
VALLEYFIELD,Food & Beverage,18,19,94.74
VALLEYFIELD,Other/Diversified,8,8,100.0
VALLEYFIELD,Retail - General,20,23,86.96
VALLEYFIELD,Wholesale Trade,19,27,70.37
VARSITY,Automotive Services,1,1,100.0
VARSITY,Construction & Trades,5,5,100.0
VARSITY,Education & Instruction,0,1,0.0
VARSITY,Fitness & Recreation,3,3,100.0
VARSITY,Food & Beverage,71,79,89.87
VARSITY,Hospitality & Tourism,1,2,50.0
VARSITY,Massage & Bodywork,5,5,100.0
VARSITY,Other/Diversified,14,19,73.68
VARSITY,Personal Services,2,2,100.0
VARSITY,Retail - General,111,140,79.29
VARSITY,Special Events,1,1,100.0
VARSITY,Waste & Environment,1,1,100.0
VISTA HEIGHTS,Construction & Trades,10,11,90.91
VISTA HEIGHTS,Food & Beverage,11,16,68.75
VISTA HEIGHTS,Hospitality & Tourism,1,1,100.0
VISTA HEIGHTS,Other/Diversified,3,3,100.0
VISTA HEIGHTS,Retail - General,5,5,100.0
VISTA HEIGHTS,Waste & Environment,1,1,100.0
VISTA HEIGHTS,Wholesale Trade,0,1,0.0
WALDEN,Education & Instruction,2,2,100.0
WALDEN,Food & Beverage,16,19,84.21
WALDEN,Massage & Bodywork,1,1,100.0
WALDEN,Other/Diversified,5,6,83.33
WALDEN,Retail - General,6,6,100.0
WEST HILLHURST,Automotive Services,1,1,100.0
WEST HILLHURST,Construction & Trades,2,2,100.0
WEST HILLHURST,Education & Instruction,1,1,100.0
WEST HILLHURST,Fitness & Recreation,1,1,100.0
WEST HILLHURST,Food & Beverage,25,31,80.65
WEST HILLHURST,Massage & Bodywork,7,8,87.5
WEST HILLHURST,Other/Diversified,15,22,68.18
WEST HILLHURST,Personal Services,8,11,72.73
WEST HILLHURST,Retail - General,40,44,90.91
WEST HILLHURST,Waste & Environment,1,3,33.33
WEST HILLHURST,Wholesale Trade,1,1,100.0
WEST SPRINGS,Cannabis & Liquor,1,1,100.0
WEST SPRINGS,Construction & Trades,4,5,80.0
WEST SPRINGS,Education & Instruction,2,3,66.67
WEST SPRINGS,Food & Beverage,52,61,85.25
WEST SPRINGS,Massage & Bodywork,1,1,100.0
WEST SPRINGS,Other/Diversified,5,6,83.33
WEST SPRINGS,Personal Services,0,1,0.0
WEST SPRINGS,Retail - General,27,34,79.41
WEST SPRINGS,Waste & Environment,1,1,100.0
WESTGATE,Food & Beverage,6,6,100.0
WESTGATE,Other/Diversified,2,2,100.0
WESTGATE,Retail - General,5,7,71.43
WESTWINDS,Automotive Services,21,30,70.0
WESTWINDS,Construction & Trades,65,76,85.53
WESTWINDS,Education & Instruction,15,17,88.24
WESTWINDS,Financial Services,0,1,0.0
WESTWINDS,Food & Beverage,111,132,84.09
WESTWINDS,Massage & Bodywork,5,8,62.5
WESTWINDS,Other/Diversified,22,25,88.0
WESTWINDS,Personal Services,1,2,50.0
WESTWINDS,Retail - General,51,61,83.61
WESTWINDS,Waste & Environment,6,8,75.0
WESTWINDS,Wholesale Trade,6,6,100.0
WHITEHORN,Food & Beverage,13,20,65.0
WHITEHORN,Massage & Bodywork,1,1,100.0
WHITEHORN,Other/Diversified,3,3,100.0
WHITEHORN,Retail - General,4,4,100.0
WHITEHORN,Waste & Environment,1,1,100.0
WILDWOOD,Food & Beverage,2,2,100.0
WILDWOOD,Other/Diversified,12,20,60.0
WILDWOOD,Personal Services,2,2,100.0
WILDWOOD,Retail - General,6,6,100.0
WILDWOOD,Special Events,1,1,100.0
WILLOW PARK,Automotive Services,1,1,100.0
WILLOW PARK,Education & Instruction,1,2,50.0
WILLOW PARK,Entertainment & Arts,1,2,50.0
WILLOW PARK,Fitness & Recreation,2,2,100.0
WILLOW PARK,Food & Beverage,83,102,81.37
WILLOW PARK,Massage & Bodywork,7,8,87.5
WILLOW PARK,Other/Diversified,19,32,59.38
WILLOW PARK,Personal Services,3,5,60.0
WILLOW PARK,Retail - General,127,155,81.94
WILLOW PARK,Special Events,0,1,0.0
WILLOW PARK,Waste & Environment,3,3,100.0
WINDSOR PARK,Construction & Trades,2,2,100.0
WINDSOR PARK,Education & Instruction,1,1,100.0
WINDSOR PARK,Food & Beverage,15,16,93.75
WINDSOR PARK,Massage & Bodywork,1,2,50.0
WINDSOR PARK,Other/Diversified,3,5,60.0
WINDSOR PARK,Personal Services,3,4,75.0
WINDSOR PARK,Retail - General,30,33,90.91
WINDSOR PARK,Waste & Environment,1,1,100.0
WINSTON HEIGHTS/MOUNTVIEW,Entertainment & Arts,1,1,100.0
WINSTON HEIGHTS/MOUNTVIEW,Food & Beverage,13,17,76.47
WINSTON HEIGHTS/MOUNTVIEW,Massage & Bodywork,1,1,100.0
WINSTON HEIGHTS/MOUNTVIEW,Other/Diversified,3,4,75.0
WINSTON HEIGHTS/MOUNTVIEW,Personal Services,0,1,0.0
WINSTON HEIGHTS/MOUNTVIEW,Retail - General,9,10,90.0
WOLF WILLOW,Food & Beverage,4,5,80.0
WOLF WILLOW,Other/Diversified,1,1,100.0
WOLF WILLOW,Retail - General,6,6,100.0
WOODBINE,Food & Beverage,9,13,69.23
WOODBINE,Massage & Bodywork,1,1,100.0
WOODBINE,Other/Diversified,1,2,50.0
WOODBINE,Retail - General,4,7,57.14
WOODLANDS,Education & Instruction,1,1,100.0
WOODLANDS,Food & Beverage,4,4,100.0
WOODLANDS,Other/Diversified,5,6,83.33
WOODLANDS,Retail - General,3,7,42.86
YORKVILLE,Food & Beverage,0,1,0.0
YORKVILLE,Retail - General,3,3,100.0
